Council:,Latitude:,Longitude:,GPS:,Artist:,Artwork title:,Location:,Area:,Year:,Status:,Website Profile: ,
Dublin City Council,53.384127,-6.294375,"53.384127, -6.294375",Anna Entrambasaguas,'Dublin Buzz',"Entrance to Tesco, Finglas Rd, Dublin 11",Northwest,2018,1. Remain as is,https://www.dublincanvas.com/dublin-canvas-artist-profiles/anna-entrambasaguas-4,
Dublin City Council,53.366707,-6.292016,"53.366707, -6.292016",Aaron Delaney (AD Spray Paint Art),'The Unknown Location',"Fassaugh Ave/Carnlough Rd, Cabra, Dublin 5",Cabra - Glasnevin,2016,1. Remain as is,https://www.dublincanvas.com/dublin-canvas-artist-profiles/aaron-delaney-ad-spray-paint-art,
Dublin City Council,53.363309,-6.258082,"53.363309, -6.258082",Steph Gallagher,'Connections',"Drumcondra Road Lower - Clonliffe Road, Dublin 9",Cabra - Glasnevin,2019,1. Remain as is,https://www.dublincanvas.com/dublin-canvas-artist-profiles/steph-gallagher,
Dublin City Council,53.333636,-6.265121,"53.333636, -6.265121",Morgan,'R2',"Camden Street Upper, Dublin 8.",Southeast,2015,1. Remain as is,https://www.dublincanvas.com/dublin-canvas-artist-profiles/morgan,
Dublin City Council,53.361336,-6.21464,"53.361336, -6.214640",Aisling McGlacken Bryne,'Dublin Submerged',"Sea View Avenue, Clontarf Road, Dublin 3",North Central,2021,1. Remain as is,https://www.dublincanvas.com/dublin-canvas-artist-profiles/aisling-mcglacken-bryne,
Dublin City Council,53.321248,-6.267708,"53.321248, -6.267708",Aisling McGlacken Bryne,'Night Vision',"Grosvenor Road, Rathgar Road, Rathmines, Dublin 6.",Kimnage/Rathmines,2022,1. Remain as is,https://www.dublincanvas.com/dublin-canvas-artist-profiles/aisling-mcglacken-byrne,
Dublin City Council,53.347015,-6.283892,"53.347015, -6.283892",Alison Watson,'AAAARGH',"Ellis Quay, Dublin 1",North Inner City,2017,1. Remain as is,https://www.dublincanvas.com/dublin-canvas-artist-profiles/alison-watson,
Dublin City Council,53.380635,-6.200918,"53.380635, -6.200918",Aj Higgins,'It's A Grand Little Country We Live In',Brookwood Ave/Brookwood Grove,North Central,2021,1. Remain as is,https://www.dublincanvas.com/dublin-canvas-artist-profiles/aj-higgins,
Dublin City Council,53.376846,-6.309218,"53.376846, -6.309218",Leigh Harrison,'The Water Spear',"Ballyboggan Road/Rotoath Road, Finglas, Dublin 11",Cabra - Glasnevin,2021,1. Remain as is,https://www.dublincanvas.com/dublin-canvas-artist-profiles/leigh-harrison,
Dublin City Council,53.321407,-6.235079,"53.321407, -6.235079",Jan Jan Cacho & Kaitlin Walsh,'Night & Day',"Donnybrook Road, Donnybrook, Dublin 4",Southeast,2016,1. Remain as is,https://www.dublincanvas.com/dublin-canvas-artist-profiles/jan-jan-cacho-kaitlin-walsh,
Dublin City Council,53.326164,-6.25573,"53.326164, -6.255730",Shalom Chiaverini,'Box Blues',"Ranelagh Village, Dublin 6",Southeast,2016,1. Remain as is,https://www.dublincanvas.com/dublin-canvas-artist-profiles/shalom-chiaverini-2,
Dublin City Council,53.38104,-6.239244,"53.381040, -6.239244",Alan Mac Arthur,'Frolicking Fox',"Celtic Park Road /Collins Avenue, Dublin 5",North Central,2019,1. Remain as is,https://www.dublincanvas.com/dublin-canvas-artist-profiles/alan-mac-arthur,
Dublin City Council,53.319544,-6.232608,"53.319544, -6.232608",Tara O'Brien,'Dublin Soup',"Donnybrook, Road, Donnybrook, Dublin 4",Southeast,2016,1. Remain as is,https://www.dublincanvas.com/dublin-canvas-artist-profiles/tara-obrien,
Dublin City Council,53.377353,-6.215447,"53.377353, -6.215447",Alan Mac Arthur,'Sunset Squirrel',"Elm Mount Avenue/Malahide Road, Donnycarney Dublin 5",North Central,2020,1. Remain as is,https://www.dublincanvas.com/dublin-canvas-artist-profiles/alan-mac-arthur-2,
Dublin City Council,53.356687,-6.259216,"53.356687, -6.259216",Patrick Molloy,'Look Right',"Gardiner Street, Dublin 1",North Inner City,2017,1. Remain as is,https://www.dublincanvas.com/dublin-canvas-artist-profiles/patrick-molloy,
Dublin City Council,53.347042,-6.274964,"53.347042, -6.274964",Shota Kotake,'Billy in the Bowl',"Church Street/North King Street, Dublin 1",North Inner City,2017,1. Remain as is,https://www.dublincanvas.com/dublin-canvas-artist-profiles/shota-kotake,
Dublin City Council,53.361799,-6.259505,"53.361799, -6.259505",Claire Fitzpatrick,'Fans',"Whitworth Road/Drumcondra Road, Drumcondra, Dublin 5",North Inner City,2018,1. Remain as is,https://www.dublincanvas.com/dublin-canvas-artist-profiles/claire-fitzpatrick,
Dublin City Council,53.352304,-6.243491,"53.352304, -6.243491",Dylan Furdyk,'Let it Flow',"Oriel Street/Seville Street, Dublin 3",North Inner City,2018,1. Remain as is,https://www.dublincanvas.com/dublin-canvas-artist-profiles/dylan-furdyk,
Dublin City Council,53.366033,-6.223589,"53.366033, -6.223589",Alan Mac Arthur,'Cool for Cats',"Copeland Avenue, Howth Road, Dublin 3",North Central,2021,1. Remain as is,https://www.dublincanvas.com/dublin-canvas-artist-profiles/alan-mac-arthur-3,
Dublin City Council,53.35217,-6.29808,"53.352170, -6.298080",Sara Sheridan,'A Bit of Country in the City',"North Circular Road/Infirmary Road, Dublin 7",North Inner City,2018,1. Remain as is,https://www.dublincanvas.com/dublin-canvas-artist-profiles/sara-sheridan,
Dublin City Council,53.35123,-6.242121,"53.351230, -6.242121",Anna Donelly,'City Love',"Seville Place, Dublin 3",North Inner City,2019,1. Remain as is,https://www.dublincanvas.com/dublin-canvas-artist-profiles/anna-donelly,
Dublin City Council,53.368484,-6.226713,"53.368484, -6.226713",Alan Mac Arthur,'What a Hoot!',"Malahide Road, Griffith Road, Dublin 5",North Central,2022,1. Remain as is,https://www.dublincanvas.com/dublin-canvas-artist-profiles/alan-mcarthur,
Dublin City Council,53.379919,-6.210415,"53.379919, -6.210415",Alan Mac Arthur,'Fia Beannach',"Malahide Road/Kilmore, Road, Artane, Dublin 9.",North Central,2023,1. Remain as is,https://www.dublincanvas.com/dublin-canvas-artist-profiles/alan-mac-arthur-8fdc1,
Dublin City Council,53.353023,-6.256078,"53.353023, -6.256078",Holly Pereira,'Gerrourra' da Garden',Sean Mac Dermot Place - Gardiner Street - Dublin 1,North Inner City,2019,1. Remain as is,https://www.dublincanvas.com/dublin-canvas-artist-profiles/holly-pereira-2,
Dublin City Council,53.332178,-6.275247,"53.332178, -6.275247",Cathal McCoy,'Neapolitan Nostalgia',"Leonards Corner, Portobello, Dublin 8",Southeast,2017,1. Remain as is,https://www.dublincanvas.com/dublin-canvas-artist-profiles/cathal-mccoy,
Dublin City Council,53.354271,-6.256965,"53.354271, -6.256965",Juliette Viode,'Chinese New Year',Gardiner Street - Summerhill - Dublin 1 Unit 1,North Inner City,2019,1. Remain as is,https://www.dublincanvas.com/dublin-canvas-artist-profiles/juliette-viode-5,
Dublin City Council,53.303778,-6.294179,"53.303778, -6.294179",Joanna Murphy,'Strive',"Terenure College, Dublin 6",Kimnage/Rathmines,2017,1. Remain as is,https://www.dublincanvas.com/dublin-canvas-artist-profiles/joanna-murphy,
Dublin City Council,53.32674,-6.264873,"53.326740, -6.264873",Lily & Ronan Coyle,'Streetris',"Rathmines Road Lower, Dublin",Kimnage/Rathmines,2017,1. Remain as is,https://www.dublincanvas.com/dublin-canvas-artist-profiles/ronan-coyle-lily-coyle,
Dublin City Council,53.381084,-6.239051,"53.381084, -6.239051",Alan Mac Arthur,"Don't Worry, Be Hoppy!'",Junction of Gracepark Road & Collins Avenue beside Welcome to Whitehall Sign,North Central,2024,1. Remain as is,https://www.dublincanvas.com/dublin-canvas-artist-profiles/alan-mac-arthur-7ab52,
Dublin City Council,53.361077,-6.240481,"53.361077, -6.240481",Larry Bryne,'Up for the Match',"Poplar Row/Anmesley Street, Dublin 3",North Inner City,2020,1. Remain as is,https://www.dublincanvas.com/dublin-canvas-artist-profiles/larry-bryne,
Dublin City Council,53.345632,-6.272374,"53.345632, -6.272374",Malgorzata Zoladziejewska,'Herbert G.Simms',"Inns Quay, Dublin 1.",North Inner City,2020,1. Remain as is,https://www.dublincanvas.com/dublin-canvas-artist-profiles/malgorzata-zoladziejewska,
Dublin City Council,53.360522,-6.269603,"53.360522, -6.269603",Amalia Naughton,'Currents',"Mater Hospital, North Circular Road, Dublin 3.",North Inner City,2017,1. Remain as is,https://www.dublincanvas.com/dublin-canvas-artist-profiles/amalia-naughton,
Dublin City Council,53.372145,-6.222819,"53.372145, -6.222819",Aidan Butler,'A Sporting Chance',"Casino Estate, Marino, Dublin 5",North Central,2018,1. Remain as is,https://www.dublincanvas.com/dublin-canvas-artist-profiles/aidan-butler,
Dublin City Council,53.372145,-6.222819,"53.372145, -6.222819",Aidan Butler,'A Sporting Chance',"Casino Estate, Marino, Dublin 5",North Central,2018,1. Remain as is,https://www.dublincanvas.com/dublin-canvas-artist-profiles/aidan-butler,
Dublin City Council,53.367717,-6.318241,"53.367717, -6.318241",Finola O Hanlon,'Cabra Fox',"Baggot Road Navan Road, Dublin 7.",Cabra - Glasnevin,2023,1. Remain as is,https://www.dublincanvas.com/dublin-canvas-artist-profiles/finola-ohanlon,
Dublin City Council,53.392066,-6.205046,"53.392066, -6.205046",Iljin,'Leah',"Oscar Traynor Road/Coolock, Dublin",North Central,2018,1. Remain as is,https://www.dublincanvas.com/dublin-canvas-artist-profiles/iljin-3,
Dublin City Council,53.383186,-6.204927,"53.383186, -6.204927",Kyla Tomlinson,"""Weeeeeeeeee!!!!""","Artane Roundabout, Artane, Dublin 5.",North Central,2018,1. Remain as is,https://www.dublincanvas.com/dublin-canvas-artist-profiles/kyla-tomlinson,
Dublin City Council,53.348036,-6.247685,"53.348036, -6.247685",Amie Gerardi,'The Birds',"North Wall Quay, Dublin 1",North Inner City,2021,1. Remain as is,https://www.dublincanvas.com/dublin-canvas-artist-profiles/amie-gerardi,
Dublin City Council,53.390145,-6.191465,"53.390145, -6.191465",Anastasia Azareva,'Mirror Mirror',Springdale Road - Tonlegee Road - Dublin 5,North Central,2019,1. Remain as is,https://www.dublincanvas.com/dublin-canvas-artist-profiles/anastasia-azareva,
Dublin City Council,53.384669,-6.312821,"53.384669, -6.312821",Cathal Craughwell,'Bowie',"Deanstown Green/Cardiffsbridge Road, Finglas, Dublin 11",Northwest,2018,1. Remain as is,https://www.dublincanvas.com/dublin-canvas-artist-profiles/cathal-craughwell-3,
Dublin City Council,53.393582,-6.263936,"53.393582, -6.263936",Finn O'Neill,'Care of your mind',"Ballymun Road, Trinity School, Ballymun, Dublin 11",Northwest,2019,1. Remain as is,https://www.dublincanvas.com/dublin-canvas-artist-profiles/finn-oneill,
Dublin City Council,53.34027,-6.3156,"53.340270, -6.315600",Cathal Craughwell,'Black Pearl',"Emmet Road , Inchicore, (St Patricks Stadium), Dublin 8.",South West Inner City,2017,1. Remain as is,https://www.dublincanvas.com/dublin-canvas-artist-profiles/cathal-craughwell-2,
Dublin City Council,53.34701,-6.270522,"53.347010, -6.270522",Amy Caulfield,'Luas Kiss',"Mary's Lane, Dublin 1",North Inner City,2022,1. Remain as is,https://www.dublincanvas.com/dublin-canvas-artist-profiles/amy-caulfield,
Dublin City Council,53.326634,-6.31377,"53.326634, -6.313770",Javier Pazos,'Monicreques',"Rafters Road, Crumlin Road, Drimagh",Drimnagh Ballyfermot,2018,1. Remain as is,https://www.dublincanvas.com/dublin-canvas-artist-profiles/javier-pazos,
Dublin City Council,53.331195,-6.281473,"53.331195, -6.281473",Aprar Elawad,'Geometrical Calligraphy',South Circular Road - Mosque - Dublin 8,South West Inner City,2018,1. Remain as is,https://www.dublincanvas.com/dublin-canvas-artist-profiles/aprar-elawad,
Dublin City Council,53.329193,-6.334547,"53.329193, -6.334547",Stephen O Raw,'Moneycomb',"Old Naas Rd, Nass Road, Bluebell Luas, Bluebell, Dublin 12.",South West Inner City,2018,1. Remain as is,https://www.dublincanvas.com/dublin-canvas-artist-profiles/stephen-o-raw,
Dublin City Council,53.309708,-6.283676,"53.309708, -6.283676",Charlene Potts,'Illuminated Dreams',"Terenure Village, Dublin 6W",Kimnage/Rathmines,2018,1. Remain as is,https://www.dublincanvas.com/dublin-canvas-artist-profiles/charlene-potts,
Dublin City Council,53.347409,-6.254959,"53.347409, -6.254959",Garreth Joyce,'Bacon',"Baggot Street, Dublin 2",Southeast,2018,1. Remain as is,https://www.dublincanvas.com/dublin-canvas-artist-profiles/garreth-joyce,
Dublin City Council,53.346747,-6.2727,"53.346747, -6.272700",Colm O'Connor,'U & I Together in Dublin',"Greek Street/Chancery Place, Dublin 1",North Inner City,2021,1. Remain as is,https://www.dublincanvas.com/dublin-canvas-artist-profiles/colm-oconnor,
Dublin City Council,53.379053,-6.314196,"53.379053, -6.314196",Amy Caulfield,Curious Creature,"Ratoath Road, Tolka Valley Park, Dublin 11",Northwest,2024,1. Remain as is,https://www.dublincanvas.com/dublin-canvas-artist-profiles/amy-caulfield-91cff,
Dublin City Council,53.357544,-6.264028,"53.357544, -6.264028",Eoin Brady,'Tempe Street Heroes',"Eccles Street, Dublin 1",North Inner City,2021,1. Remain as is,https://www.dublincanvas.com/dublin-canvas-artist-profiles/eoin-brady,
Dublin City Council,53.354212,-6.266993,"53.354212, -6.266993",Juliette Viode,'Country Cat',Dorset Street Upper/Granby Road/Dublin 5 ,North Inner City,2021,1. Remain as is,https://www.dublincanvas.com/dublin-canvas-artist-profiles/juliette-viode-9,
Dublin City Council,53.347163,-6.280133,"53.347163, -6.280133",Oleg Brazhnyk,'Hold On and On and On',"Queen Street, Dublin 1",North Inner City,2021,1. Remain as is,https://www.dublincanvas.com/dublin-canvas-artist-profiles/oleg-brazhnyk-3,
Dublin City Council,53.360402,-6.267585,"53.360402, -6.267585",Robert Bowler,'Tir na nOg',"Mountjoy Garda Station, North Circular Road, Dublin 3.",North Inner City,2021,1. Remain as is,https://www.dublincanvas.com/dublin-canvas-artist-profiles/robert-bowler-3,
Dublin City Council,53.349445,-6.253449,"53.349445, -6.253449",Ronan Connor,'Proud as Punt',Gardiner Street Lower (Custom House) Dublin 1,North Inner City,2021,1. Remain as is,https://www.dublincanvas.com/dublin-canvas-artist-profiles/ronan-connor,
Dublin City Council,53.330489,-6.260355,"53.330489, -6.260355",Ana Carolina Ferreira,'15 swans and a seagull eating pizza',"Charlemont Street, Saint Kevin's, Dublin 2.",Southeast,2023,1. Remain as is,https://www.dublincanvas.com/dublin-canvas-artist-profiles/ana-carolina-ferreira,
Dublin City Council,53.35294,-6.268381,"53.352940, -6.268381",Gillian Crowe,'Late Night Delivery',"Dominick Street/Dorset Street, Dublin 1",North Inner City,2023,1. Remain as is,https://www.dublincanvas.com/dublin-canvas-artist-profiles/gillian-crowe,
Dublin City Council,53.356892,-6.268209,"53.356892, -6.268209",Guzbourine,'THE BASIN',"Blessingthon Street, Phibsboo, Dublin 7.",North Inner City,2023,1. Remain as is,https://www.dublincanvas.com/dublin-canvas-artist-profiles/guzbourine,
Dublin City Council,53.355904,-6.292345,"53.355904, -6.292345",Janette Monahan,'The Red Socks',"Blackhorse Avenue/North Circular Road, Dublin 7.",North Inner City,2023,1. Remain as is,https://www.dublincanvas.com/dublin-canvas-artist-profiles/janette-monahan-a7725,
Dublin City Council,53.358962,-6.281584,"53.358962, -6.281584",Linda Gorman,'Dancing in the Floodlight',"Charville Road/North Circular Road, Phibsboro, Dublin 7.",North Inner City,2023,1. Remain as is,https://www.dublincanvas.com/dublin-canvas-artist-profiles/linda-gorman,
Dublin City Council,53.350563,-6.279902,"53.350563, -6.279902",Maria Crean,'Macha',"Brunswick Street North, Stoneybatter, Dublin 7",North Inner City,2023,1. Remain as is,https://www.dublincanvas.com/dublin-canvas-artist-profiles/maria-crean-ba514,
Dublin City Council,53.346749,-6.255099,"53.346749, -6.255099",Andrew McCarthy,'The Big Fellow',"Tara Street, Dublin 2.",Southeast,2019,1. Remain as is,https://www.dublincanvas.com/dublin-canvas-artist-profiles/andrew-mccarthy-2019,
Dublin City Council,53.358676,-6.273241,"53.358676, -6.273241",Rin Harada,'The Book of Cats',"Phibsboro Road, Phibsboro, Dublin 3",North Inner City,2023,1. Remain as is,https://www.dublincanvas.com/dublin-canvas-artist-profiles/rin-harada,
Dublin City Council,53.357408,-6.257046,"53.357408, -6.257046",Tetiana Horbenko,'Dublin Peace',"Mountjoy Square, Dublin 1.",North Inner City,2023,1. Remain as is,https://www.dublincanvas.com/dublin-canvas-artist-profiles/tetiana-horbenko,
Dublin City Council,53.390044,-6.300351,"53.390044, -6.300351",Andrew McCarthy,Seamus Ennis - A tribute',"Seamus Ennis Road/Main Street, Finglas, Dublin 11",Northwest,2021,1. Remain as is,https://www.dublincanvas.com/dublin-canvas-artist-profiles/andrew-mccarthy-2021,
Dublin City Council,53.353479,-6.273038,"53.353479, -6.273038",Edith Gervin,'The Hungry Tree',"Broadstone Road, Dublin 1",North Inner City,2022,1. Remain as is,https://www.dublincanvas.com/dublin-canvas-artist-profiles/edith-gervin,
Dublin City Council,53.388992,-6.298825,"53.388992, -6.298825",Andrew McCarthy,'Christy',"Saint Canice's Church, Finglas Village, Dublin 11",Northwest,2024,1. Remain as is,https://www.dublincanvas.com/dublin-canvas-artist-profiles/andrew-mccarthy-2024,
Dublin City Council,53.3584,-6.255054,"53.358400, -6.255054",Juliette Viode,The Pawfessor',"Fitzgibbon Street/North Circular Road, Dublin 1. ",North Inner City,2022,1. Remain as is,https://www.dublincanvas.com/dublin-canvas-artist-profiles/juliette-viode-41,
Dublin City Council,53.359227,-6.258526,"53.359227, -6.258526",Juliette Viode,Donít worry be puppy',"Sherard Street, Dublin 1",North Inner City,2022,1. Remain as is,https://www.dublincanvas.com/dublin-canvas-artist-profiles/juliette-viode-6,
Dublin City Council,53.352511,-6.232308,"53.352511, -6.232308",Lorcan Cassidy,'Dandelion',"East Road, Church Road, Eastwall, Dublin 3",North Inner City,2022,1. Remain as is,https://www.dublincanvas.com/dublin-canvas-artist-profiles/lorcan-cassidy,
Dublin City Council,53.360894,-6.27278,"53.360894, -6.272780",Lucy Jenkins,The Auld Triangle,"Doyle's Corner, NCR - Phibsboro Road, Dublin 7.",North Inner City,2022,1. Remain as is,https://www.dublincanvas.com/dublin-canvas-artist-profiles/lucy-jenkins-b,
Dublin City Council,53.36863,-6.2608,"53.368630, -6.260800",Rebecca Farmer,'The Ducks of Griffith Park',"Griffith Park, Botanic Avenue, Dublin 9",Cabra - Glasnevin,2023,1. Remain as is,https://www.dublincanvas.com/dublin-canvas-artist-profiles/rebecca-farmer-10f02,
Dublin City Council,53.351026,-6.352956,"53.351026, -6.352956",Andrew McCarthy,Those who suffer write the songs',"Lucan Road, Kylemore Road, Dublin",Northwest,2024,1. Remain as is,https://www.dublincanvas.com/artist-profiles-main,
Dublin City Council,53.349162,-6.252032,"53.349162, -6.252032",Emily Kelly,Babydoll Bloom,"Memorial Road - Custom House, Dublin 1.",North Inner City,2024,1. Remain as is,https://www.dublincanvas.com/dublin-canvas-artist-profiles/emily-kelly,
Dublin City Council,53.358367,-6.254754,"53.358367, -6.254754",Fearghal Scanlon,Resolve,"North Circular Road/Fitzgibbon Street, Dublin 1.",North Inner City,2024,1. Remain as is,https://www.dublincanvas.com/dublin-canvas-artist-profiles/fearghal-scanlon-d9ad3,
Dublin City Council,53.350557,-6.240447,"53.350557, -6.240447",Jake Coleman,Sunsoaked Skies,"Seville Place, North Dock, Dublin 1.",North Inner City,2024,1. Remain as is,https://www.dublincanvas.com/dublin-canvas-artist-profiles/jake-coleman,
Dublin City Council,53.3306222,-6.2518868,"53.3306222,-6.2518868",Andrew McCarthy,'Where Old Ghosts Meet',"Dartmourth Road/Leeson Street Upper, Dublin 4.",Southeast,2022,1. Remain as is,https://www.dublincanvas.com/dublin-canvas-artist-profiles/andrew-mccarthy-e,
Dublin City Council,53.348379,-6.251814,"53.348379, -6.251814",Maria Crean,ManannÔøΩn Mac Lir,"Custom House Quay, Dublin 1.",North Inner City,2024,1. Remain as is,https://www.dublincanvas.com/dublin-canvas-artist-profiles/maria-crean-73cd9,
Dublin City Council,53.342855,-6.257529,"53.342855, -6.257529",Andrew McCarthy,Love loves to love love',"Nassau Street/Dawson Street, Dublin 2.",Southeast,2023,1. Remain as is,https://www.dublincanvas.com/dublin-canvas-artist-profiles/andrew-mccarthy-f0ba2,
Dublin City Council,53.342086,-6.307855,"53.342086, -6.307855",Andrew McCarthy,'Let This Moment Linger',"South Circular Road/Old Kilmainham Road, Kilmainham, Dublin 8.",South West Inner City,2020,1. Remain as is,https://www.dublincanvas.com/dublin-canvas-artist-profiles/andrew-mccarthy-2020,
Dublin City Council,53.352434,-6.284031,"53.352434, -6.284031",Paul Gonnelly,Punk Pigeons,"Manor Street, Stoneybatter, Dublin 7.",North Inner City,2024,1. Remain as is,https://www.dublincanvas.com/dublin-canvas-artist-profiles/paul-gonnelly,
Dublin City Council,53.343583,-6.369142,"53.343583, -6.369142",Andrew McCarthy,'Lonely Souls',"Cloighinn Park/Ballyfrermot Road, Ballyfermot, Dublin 10.",Drimnagh Ballyfermot,2021,1. Remain as is,https://www.dublincanvas.com/dublin-canvas-artist-profiles/andrew-mc-carthy,
Dublin City Council,53.344187,-6.267255,"53.344187, -6.267255",Andrew McCarthy,Spread Your Wings,"Parliament Street, Temple Bar, Dublin 2",Southeast,2024,1. Remain as is,https://www.dublincanvas.com/dublin-canvas-artist-profiles/%20andrew-mccarthy-cc83f,
Dublin City Council,53.366673,-6.304929,"53.366673, -6.304929",Cindy Valenzuela,Summer Mood,"Pope John Park, Nephin Road, Cabra, Dublin 7.",Cabra - Glasnevin,2024,1. Remain as is,https://www.dublincanvas.com/dublin-canvas-artist-profiles/cindy-valenzuela,
Dublin City Council,53.361023,-6.283263,"53.361023, -6.283263",Conor Claffey,Greetings from the 17 Shops,"Cabra Road, Cabra East, Dublin 7.",Cabra - Glasnevin,2024,1. Remain as is,https://www.dublincanvas.com/dublin-canvas-artist-profiles/conor-claffey,
Dublin City Council,53.325975,-6.265031,"53.325975, -6.265031",Ann Carolina Ferreira,7 foxes partying out in town,"Rathmines Road, Rathmines, Dublin 6",Kimnage/Rathmines,2024,1. Remain as is,https://www.dublincanvas.com/dublin-canvas-artist-profiles/%20ann-carolina-ferreira,
Dublin City Council,53.36491,-6.308292,"53.364910, -6.308292",Katy Kennedy,Rua,"Navan Road/Nephin Road, Dublin 7.",Cabra - Glasnevin,2024,1. Remain as is,https://www.dublincanvas.com/dublin-canvas-artist-profiles/katy-kennedy,
Dublin City Council,53.389924,-6.193115,"53.389924, -6.193115",Caroline McKeon,'An Taisce',Tonlegee Road - Moatfield Road - Dublin 5,North Central,2019,1. Remain as is,https://www.dublincanvas.com/dublin-canvas-artist-profiles/caroline-mckeon,
Dublin City Council,53.391104,-6.168427,"53.391104, -6.168427",Christine Browne,'Fetch the Engine',Tonlegee Road - Kilbarrack Fire Station - Dublin 5,North Central,2019,1. Remain as is,https://www.dublincanvas.com/dublin-canvas-artist-profiles/christine-browne,
Dublin City Council,53.367487,-6.272603,"53.367487, -6.272603",Anna & Isobel Mahon,'Glasnevin Tarot',"Prospect Avenue, Glasnevin, Dublin 5",Cabra - Glasnevin,2020,1. Remain as is,https://www.dublincanvas.com/dublin-canvas-artist-profiles/anna-isobel-mahon,
Dublin City Council,53.3842,-6.215751,"53.384200, -6.215751",Debra Farrell,'Urban Fox',"Kilmore Road, Artane Castle, Dublin 5",North Central,2019,1. Remain as is,https://www.dublincanvas.com/dublin-canvas-artist-profiles/debra-farrell,
Dublin City Council,53.384699,-6.235925,"53.384699, -6.235925",Karen Mc Ardle,'Crann na Beatha',"Beaumont Road, Beaumont Green, Beaumont, Dublin 5",North Central,2019,1. Remain as is,https://www.dublincanvas.com/dublin-canvas-artist-profiles/karen-mc-ardle,
Dublin City Council,53.377636,-6.248125,"53.377636, -6.248125",Paschal Nee,'Honeybees on comb',"Seven Oaks - Swords Road, Whitehall, Dublin 5",North Central,2019,1. Remain as is,https://www.dublincanvas.com/dublin-canvas-artist-profiles/paschal-nee,
Dublin City Council,53.36753,-6.255518,"53.367530, -6.255518",Saoirse Mc Caul,Commuter Circus,"Drumcondra Road Lower - Botanic Road, Dublin 9",North Central,2019,1. Remain as is,https://www.dublincanvas.com/dublin-canvas-artist-profiles/saoirse-mc-caul,
Dublin City Council,53.39013,-6.156364,"53.390130, -6.156364",Vinicius Bustamante,'Jellyfish on Parade',Kilbarrack Road - Railway Bridge - Dublin 5,North Central,2019,1. Remain as is,https://www.dublincanvas.com/dublin-canvas-artist-profiles/vinicius-bustamante-3,
Dublin City Council,53.387456,-6.201193,"53.387456, -6.201193",Abbie Wood,'Free Spirits',"Main Street, Coolock Village, Dublin 5. ",North Central,2020,1. Remain as is,https://www.dublincanvas.com/dublin-canvas-artist-profiles/abbie-wood,
Dublin City Council,53.370324,-6.268451,"53.370324, -6.268451",Anna & Isobel Mahon,'Alice in Wonderland',"St Mobhi Road/Fairfield Road, Dublin 5.",Cabra - Glasnevin,2021,1. Remain as is,https://www.dublincanvas.com/dublin-canvas-artist-profiles/anna-mahon,
Dublin City Council,53.375829,-6.270239,"53.375829, -6.270239",Anna & Isobel Mahon,'On Washerwoman Hill',"St Brigids School, Old Finglas Road/ Glasnevin Hill, Dublin 9.",Cabra - Glasnevin,2022,1. Remain as is,https://www.dublincanvas.com/dublin-canvas-artist-profiles/anna-isobel-mahon-4,
Dublin City Council,53.363175,-6.221836,"53.363175, -6.221836",Ingrid Nolan,'A Bird View',"James Larkin, Clontarf East, Dublin.",North Central,2020,1. Remain as is,https://www.dublincanvas.com/dublin-canvas-artist-profiles/ingrid-nolan,
Dublin City Council,53.382938,-6.176205,"53.382938, -6.176205",Jonathan Ferreira,'Raheny Rocks',"Raheny Road/Springdale Road, Raheny, Dublin 5.",North Central,2020,1. Remain as is,https://www.dublincanvas.com/dublin-canvas-artist-profiles/jonathan-ferreira,
Dublin City Council,53.358607,-6.190017,"53.358607, -6.190017",Rebecca Low,'Stay Paw-sitive',"Mount Prospect Avenue/James Larkin Road, Clontarf East, Dublin.",North Central,2020,1. Remain as is,https://www.dublincanvas.com/dublin-canvas-artist-profiles/rebecca-low,
Dublin City Council,53.40023,-6.257972,"53.400230, -6.257972",Andril Shevtsov,'Wait or Move',"Santry Avenue/Hazelwood Road, Dublin 9",Northwest,2023,1. Remain as is,https://www.dublincanvas.com/dublin-canvas-artist-profiles/andril-shevtsov,
Dublin City Council,53.359588,-6.23221,"53.359588, -6.232210",Shane Noonan,'Good Doggo',"Alfie Bryne Road, Clontarf, Dublin 3.",North Central,2020,1. Remain as is,https://www.dublincanvas.com/dublin-canvas-artist-profiles/shane-noonan,
Dublin City Council,53.331527,-6.283478,"53.331527, -6.283478",Vinicius Bustamante,'Flower Pattern',"Donore Street, South Circular Road, Dublin 8",South West Inner City,2018,1. Remain as is,https://www.dublincanvas.com/dublin-canvas-artist-profiles/vinicius-bustamante-2,
Dublin City Council,53.370996,-6.280285,"53.370996, -6.280285",Anna & Isobel Mahon,Gravedigger,Glasnevin Cementary,Cabra - Glasnevin,2024,1. Remain as is,https://www.dublincanvas.com/dublin-canvas-artist-profiles/anna-mahon-2db94,
Dublin City Council,53.31215,-6.29953,"53.312150, -6.299530",Bob Gray,'Squirrel in a top hat',"Kimmage Road West - Terenure Road West, Dublin 6",Kimnage/Rathmines,2019,1. Remain as is,https://www.dublincanvas.com/dublin-canvas-artist-profiles/bob-gray,
Dublin City Council,53.324158,-6.328097,"53.324158, -6.328097",Juliette O'Brien,'Birds of a Feather',Davitt Road Terrace - Drimnagh - Dublin 12,Drimnagh Ballyfermot,2019,1. Remain as is,https://www.dublincanvas.com/dublin-canvas-artist-profiles/juliette-obrien-3,
Dublin City Council,53.324158,-6.328097,"53.324158, -6.328097",Juliette O'Brien,Blue Heron',"Walkinstown Road, Longmile Road, Crumlin, Dublin 12.",Drimnagh Ballyfermot,2019,1. Remain as is,https://www.dublincanvas.com/dublin-canvas-artist-profiles/juliette-obrien-4,
Dublin City Council,53.324978,-6.321126,"53.324978, -6.321126",Lynne O'Callaghan,'Local Heroes',Errigal Road - Dublin 12,Drimnagh Ballyfermot,2019,1. Remain as is,https://www.dublincanvas.com/dublin-canvas-artist-profiles/lynne-ocallaghan-2,
Dublin City Council,53.347451,-6.238288,"53.347451, -6.238288",Anne Marie McGrane,'Rabbits',"North Wall Quay, Dublin 3",North Inner City,2019,1. Remain as is,https://www.dublincanvas.com/dublin-canvas-artist-profiles/anne-marie-mccrane,
Dublin City Council,53.342439,-6.356509,"53.342439, -6.356509",Anne Marie McGrane,'Patience is a virtue',"Ballyfermot Road, Le Fanu Avenue Junction, Ballyfermot, Dublin 12",Drimnagh Ballyfermot,2018,1. Remain as is,https://www.dublincanvas.com/dublin-canvas-artist-profiles/anne-marie-mcgrane,
Dublin City Council,53.323917,-6.26549,"53.323917, -6.265490",Fiona Tracey,'Skeffy',"Rathmines Road, Dublin 6",Kimnage/Rathmines,2019,1. Remain as is,https://www.dublincanvas.com/dublin-canvas-artist-profiles/fiona-tracey,
Dublin City Council,53.360774,-6.182258,"53.360774, -6.182258",Andy Watson,'Sea Swimmers',"Wooden Bridge, Clontarf Road, Dublin 3",North Central,2021,1. Remain as is,https://www.dublincanvas.com/dublin-canvas-artist-profiles/andy-watson,
Dublin City Council,53.380417,-6.175412,"53.380417, -6.175412",Aoife Lynch,'Saol i bPaic Naomh Aine',"Howth Road, Raheny Village, Dublin 5",North Central,2021,1. Remain as is,https://www.dublincanvas.com/dublin-canvas-artist-profiles/aoife-lynch,
Dublin City Council,53.383437,-6.276393,"53.383437, -6.276393",Shane Murray,Bosca Dathanna',"Ballygall Road East, Ballygall, Dublin",Northwest,2020,1. Remain as is,https://www.dublincanvas.com/dublin-canvas-artist-profiles/shane-murray-2,
Dublin City Council,53.360335,-6.209758,"53.360335, -6.209758",Clodagh McKenna,'The Bath',"Castle Avenue, Clontarf Road, Dublin 3",North Central,2021,1. Remain as is,https://www.dublincanvas.com/dublin-canvas-artist-profiles/clodagh-mckenna-2,
Dublin City Council,53.318067,-6.233421,"53.318067, -6.233421",Cathy Butler,'Common Birds',"Anglers Rest, Donnybrook, Dublin 4",Southeast,2019,1. Remain as is,https://www.dublincanvas.com/dublin-canvas-artist-profiles/cathy-butler,
Dublin City Council,53.341339,-6.319339,"53.341339, -6.319339",Anne Marie McGrane,'There is no place like home',"Grattan Cresent, Inchicore, Dublin 12",South West Inner City,2019,1. Remain as is,https://www.dublincanvas.com/dublin-canvas-artist-profiles/anne-marie-mcgrane-3,
Dublin City Council,53.380145,-6.177389,"53.380145, -6.177389",Ingrid Nolan,'Neighbours?',"Howth Road, Raheny Village, Dublin 5",North Central,2021,1. Remain as is,https://www.dublincanvas.com/dublin-canvas-artist-profiles/ingrid-nolan-2,
Dublin City Council,53.34216,-6.254526,"53.342160, -6.254526",Gearoid Kelly,'Fluirse Iasc',"Museum of Literature Ireland, St Stephen's Green, Saint Peter's, Dublin 2",Southeast,2019,1. Remain as is,https://www.dublincanvas.com/dublin-canvas-artist-profiles/gearoid-kelly,
Dublin City Council,53.3822,-6.244413,"53.382200, -6.244413",Liam Robinson,'Colm Meaney',"Swords Road/Collins Avenue, Whitehall, Dublin 5",North Central,2021,1. Remain as is,https://www.dublincanvas.com/dublin-canvas-artist-profiles/liam-robinson,
Dublin City Council,53.343051,-6.349023,"53.343051, -6.349023",Anne Marie McGrane,'No Strength Without Unity',"Kylemore Road, Ballyfermot Road, Dublin 12.",Drimnagh Ballyfermot,2020,1. Remain as is,https://www.dublincanvas.com/dublin-canvas-artist-profiles/anne-marie-mcgrane-6,
Dublin City Council,53.335423,-6.38004,"53.335423, -6.380040",Anne Marie McGrane,'It's not Easy Being King',"Parkwest Avenue, Cherry Orchard, Dublin 12",Drimnagh Ballyfermot,2020,1. Remain as is,https://www.dublincanvas.com/dublin-canvas-artist-profiles/anne-marie-mcgrane-5,
Dublin City Council,53.345889,-6.252142,"53.345889, -6.252142",Shane Ha,'Stay Green',"Townsend Street, Moss Street, Dublin 2",Southeast,2019,1. Remain as is,https://www.dublincanvas.com/dublin-canvas-artist-profiles/shane-ha-6,
Dublin City Council,53.386923,-6.21508,"53.386923, -6.215080",Niamh Kenny,'Proud as a Peacock',"Kilmore Road, Ardlea Road, Artane, Dublin 5",North Central,2021,1. Remain as is,https://www.dublincanvas.com/dublin-canvas-artist-profiles/niamh-kenny,
Dublin City Council,53.345265,-6.255159,"53.345265, -6.255159",Alex Dillon,A Country for All',"Georges Quay, Dublin 2",Southeast,2020,1. Remain as is,https://www.dublincanvas.com/dublin-canvas-artist-profiles/alex-dillon,
Dublin City Council,53.341159,-6.250754,"53.341159, -6.250754",Carolina Medina,'On the Street',"Merrion Square West, Dublin 2",Southeast,2020,1. Remain as is,https://www.dublincanvas.com/dublin-canvas-artist-profiles/carolina-medina,
Dublin City Council,53.384825,-6.143067,"53.384825, -6.143067",Rose Fairest,'You Are Loved',"Kilbarack Road Lower, Howth Road, Dublin 3",North Central,2021,1. Remain as is,https://www.dublincanvas.com/dublin-canvas-artist-profiles/rose-fairest,
Dublin City Council,53.385673,-6.228953,"53.385673, -6.228953",Shane Noonan,"Da fhada an la° tagann an tra°thnona' ('However long the day, the evening will come by')","Entrance to Beaumont Hospital, Dublin 5",North Central,2021,1. Remain as is,https://www.dublincanvas.com/dublin-canvas-artist-profiles/shane-noonan-2,
Dublin City Council,53.341528,-6.348697,"53.341528, -6.348697",Anne Marie McGrane,'Come out into the Light',"Kylemore Road, Ballyfermot Road, Dublin 12.",Drimnagh Ballyfermot,2021,1. Remain as is,https://www.dublincanvas.com/dublin-canvas-artist-profiles/anne-marie-mc-grane,
Dublin City Council,53.389132,-6.152496,"53.389132, -6.152496",Stephen Douglas,'Bimbos Burgers',"Kilbarrack Road, Thornville Road, Dublin 3",North Central,2021,1. Remain as is,https://www.dublincanvas.com/dublin-canvas-artist-profiles/stephen-douglas,
Dublin City Council,53.33848,-6.347993,"53.338480, -6.347993",Anne Marie McGrane,Blooming Lovely,"Kylemore Road, Kylemore Avenue, Dublin 10.",Drimnagh Ballyfermot,2024,1. Remain as is,https://www.dublincanvas.com/dublin-canvas-artist-profiles/anne-marie-mcgrane-2c82b,
Dublin City Council,53.377473,-6.187204,"53.377473, -6.187204",Valerie Bell,'The Boardgame',"Howth Road, Raheny Village, Dublin 5",North Central,2021,1. Remain as is,https://www.dublincanvas.com/dublin-canvas-artist-profiles/valerie-bell,
Dublin City Council,53.388187,-6.182143,"53.388187, -6.182143",Veronika Genovesse,'Dot mandala with Irish Map',"Edenmore Park, Dublin 5",North Central,2021,1. Remain as is,https://www.dublincanvas.com/dublin-canvas-artist-profiles/veronika-genovesse,
Dublin City Council,53.362119,-6.299718,"53.362119, -6.299718",Ray O Donovan,Failte,"Navan Road, Cabra West, Dublin 7.",Cabra - Glasnevin,2024,1. Remain as is,https://www.dublincanvas.com/dublin-canvas-artist-profiles/ray-o-donovan,
Dublin City Council,53.337635,-6.354041,"53.337635, -6.354041",Anne Marie McGrane,St Lawrence's Remembered,"Raheen Park/ Le Fanu Rd, Ballyfermot Dublin.",Drimnagh Ballyfermot,2024,1. Remain as is,https://www.dublincanvas.com/dublin-canvas-artist-profiles/anne-marie-mcgrane-2ef20,
Dublin City Council,53.342395,-6.339015,"53.342395, -6.339015",Anne Marie McGrane,Constance Mariceviciz,"O'Hogan Road, Ballyfermot Road, Dublin 10.",Drimnagh Ballyfermot,2024,1. Remain as is,https://www.dublincanvas.com/dublin-canvas-artist-profiles/anne-marie-mcgrane-a23bc,
Dublin City Council,53.370278,-6.263724,"53.370278, -6.263724",Aodhbha Bradley,Grrriffith Bark,"Griffith Park, Botanic Avenue, Dublin 9.",Cabra - Glasnevin,2024,1. Remain as is,https://www.dublincanvas.com/dublin-canvas-artist-profiles/aodhbha-bradley,
Dublin City Council,53.378496,-6.193876,"53.378496, -6.193876",Ingrid Nolan,'Tree House',"Brookwood Rise, Donaghmede, Dublin 5.",North Central,2022,1. Remain as is,https://www.dublincanvas.com/dublin-canvas-artist-profiles/ingrid-nolan-6,
Dublin City Council,53.397273,-6.244945,"53.397273, -6.244945",Nicole Reddin & Aj Higgins,"'Sugar, Spice & Everything Nice'","Santry Avenue, Swords Road, Dublin. ",North Central,2022,1. Remain as is,https://www.dublincanvas.com/dublin-canvas-artist-profiles/nicole-reddin-aj-higgins,
Dublin City Council,53.362911,-6.178477,"53.362911, -6.178477",Rebecca Farmer,'The Geese of Dublin',"Clontarf Road, Dollymount Road, Clontarf, Dublin 3",North Central,2022,1. Remain as is,https://www.dublincanvas.com/dublin-canvas-artist-profiles/rebecca-farmer,
Dublin City Council,53.373378,-6.194125,"53.373378, -6.194125",Rebecca Sheil,'St Anne's Park Motel',"Sybil Road, Clontarf East, Dublin 3",North Central,2022,1. Remain as is,https://www.dublincanvas.com/dublin-canvas-artist-profiles/rebecca-sheil,
Dublin City Council,53.375522,-6.194888,"53.375522, -6.194888",Sarah McGinty,'Brent Geese',"Brookwood Road, Howth Road, Raheny, Dublin 5.",North Central,2022,1. Remain as is,https://www.dublincanvas.com/dublin-canvas-artist-profiles/sarah-mcginty,
Dublin City Council,53.390862,-6.18347,"53.390862, -6.183470",Dzhyganska Yelyzaveta,'Box of Frogs',"Limewood/Tonlegee Road, Donaghmede, Dublin 5",North Central,2023,1. Remain as is,https://www.dublincanvas.com/dublin-canvas-artist-profiles/dzhyganska-yelyzaveta,
Dublin City Council,53.370125,-6.201185,"53.370125, -6.201185",Fionnuala Halpin,'Cecil Nolan',"Vernon Avenue, Clontarf, Dublin 3.",North Central,2023,1. Remain as is,https://www.dublincanvas.com/dublin-canvas-artist-profiles/fionnuala-halpin-e971f,
Dublin City Council,53.394108,-6.166175,"53.394108, -6.166175",Lulvia Ramirez,'Alebrije',"Ardara Avenue/Grange Road, Donaghmede, Dublin.",North Central,2023,1. Remain as is,https://www.dublincanvas.com/dublin-canvas-artist-profiles/lulvia-ramirez,
Dublin City Council,53.375147,-6.196235,"53.375147, -6.196235",Maria Crean,'St Brigids',"St Brigids, Howth Road, Clontarf East, Dublin 3.",North Central,2023,1. Remain as is,https://www.dublincanvas.com/dublin-canvas-artist-profiles/maria-crean-c52bc,
Dublin City Council,53.390849,-6.160089,"53.390849, -6.160089",Orla Cassidy,'Things that Connect Us',"St Donaghs Road, Kilbarrack Road, Dublin.",North Central,2023,1. Remain as is,https://www.dublincanvas.com/dublin-canvas-artist-profiles/orla-cassidy,
Dublin City Council,53.393112,-6.221446,"53.393112, -6.221446",Rukima Kelkar,'Fresh',"Kilbarron Road/Trim Road, Kilmore Road, Dublin 5.",North Central,2023,1. Remain as is,https://www.dublincanvas.com/dublin-canvas-artist-profiles/rukima-kelkar,
Dublin City Council,53.386762,-6.201167,"53.386762, -6.201167",Shana Brewer,'Birdwatching',"Malahide Road, Coolock Village, Dublin 5",North Central,2023,1. Remain as is,https://www.dublincanvas.com/dublin-canvas-artist-profiles/shana-brewer,
Dublin City Council,53.395419,-6.163053,"53.395419, -6.163053",Sinead Woods,'Marine Melody',"Donaghmede Road, Grange, Donaghmede, Co. Dublin",North Central,2023,1. Remain as is,https://www.dublincanvas.com/dublin-canvas-artist-profiles/sinead-woods,
Dublin City Council,53.388954,-6.195358,"53.388954, -6.195358",Sk Abu Huraira,'Colours of Joy',"Tonlegee Road, Harmonstown, Dublin 5.",North Central,2023,1. Remain as is,https://www.dublincanvas.com/dublin-canvas-artist-profiles/sk-abu-huraira,
Dublin City Council,53.393686,-6.207202,"53.393686, -6.207202",Una Woods,'Bursting with Colour',"Northside Civic Centre, Bunratty Road, Coolock, Dublin 5.",North Central,2023,1. Remain as is,https://www.dublincanvas.com/dublin-canvas-artist-profiles/una-woods,
Dublin City Council,53.384293,-6.217808,"53.384293, -6.217808",Angel Leung,Spring in Dublin!,Skellys Lane (Opposite Beauvale Park entrance),North Central,2024,1. Remain as is,https://www.dublincanvas.com/dublin-canvas-artist-profiles/angel-leung,
Dublin City Council,53.398625,-6.161402,"53.398625, -6.161402",Camlia Waz,New Dreams,Donaghmede (junction of Grange Road at roundabout),North Central,2024,1. Remain as is,https://www.dublincanvas.com/dublin-canvas-artist-profiles/camlia-waz,
Dublin City Council,53.381572,-6.175845,"53.381572, -6.175845",Clare Tunnicliffe,Bee Happy,Raheny Road - Train Station,North Central,2024,1. Remain as is,https://www.dublincanvas.com/dublin-canvas-artist-profiles/clare-tunnicliffe,
Dublin City Council,53.390448,-6.189098,"53.390448, -6.189098",Denise Gallagher,No Rain No Flowers,"Junction of Ayrfield Road & Tonlegee Road, Donaghmede, Dublin.",North Central,2024,1. Remain as is,https://www.dublincanvas.com/dublin-canvas-artist-profiles/denise-gallagher,
Dublin City Council,53.382135,-6.244799,"53.382135, -6.244799",Denise Quinn,Go Whitehall Colmcille!,"Collins Avenue Swords Road, Whitehall, Dublin 9.",North Central,2024,1. Remain as is,https://www.dublincanvas.com/dublin-canvas-artist-profiles/denise-quinn,
Dublin City Council,53.367202,-6.194807,"53.367202, -6.194807",Eoin O Connor,"Look Oscar, it's Mama!","Vernon Avenue/Mount Prospect Avenue, Clontarf, Dublin 3.",North Central,2024,1. Remain as is,https://www.dublincanvas.com/dublin-canvas-artist-profiles/eoin-o-connor,
Dublin City Council,53.388429,-6.214852,"53.388429, -6.214852",Gemma Lynch,Progress,Junction of Ardmore Drive & Kilmore Road,North Central,2024,1. Remain as is,https://www.dublincanvas.com/dublin-canvas-artist-profiles/gemma-lynch,
Dublin City Council,53.390112,-6.199819,"53.390112, -6.199819",Nuala Collins,Chocolatiers: For One Night Only,"Oscar Traynor Road, Coolock Village, Dublin 5",North Central,2024,1. Remain as is,https://www.dublincanvas.com/artist-profiles-main,
Dublin City Council,53.402633,-6.162225,"53.402633, -6.162225",Rukmini Kelkar,Girls in Sports,Corner of Main Street & Hole in the Wall Road (beside Trinity Sports & Leisure),North Central,2024,1. Remain as is,https://www.dublincanvas.com/artist-profiles-main,
Dublin City Council,53.369168,-6.194486,"53.369168, -6.194486",Sarah McGinty,Leaves,"Vernon Avenue/Sybil Hill Rd, Clontarf, Dublin",North Central,2024,1. Remain as is,https://www.dublincanvas.com/artist-profiles-main,
Dublin City Council,53.401133,-6.195005,"53.401133, -6.195005",Stephen Douglas,This is Darndale,"Darndale Belcamp Village Centre, Priorswood, Dublin",North Central,2024,1. Remain as is,https://www.dublincanvas.com/artist-profiles-main,
Dublin City Council,53.388374,-6.260932,"53.388374, -6.260932",Ciara Kennedy,'Siobhans and Declans',"Collins Avenue East/St Albert College Park, Whitehall, Dublin 9.",Northwest,2023,1. Remain as is,https://www.dublincanvas.com/dublin-canvas-artist-profiles/ciara-kennedy,
Dublin City Council,53.379027,-6.268135,"53.379027, -6.268135",Clare Purvis,'Young Folklore',"Griffith Avenue/Ballgall East Road, Ballygall, Dublin 11.",Northwest,2023,1. Remain as is,https://www.dublincanvas.com/dublin-canvas-artist-profiles/clare-purvis,
Dublin City Council,53.382917,-6.318028,"53.382917, -6.318028",Eva O'Byrne,'The Confetti Tiger',"Ratoath Road/Rathvilly Road, Finglas, Dublin 11.",Northwest,2022,1. Remain as is,https://www.dublincanvas.com/dublin-canvas-artist-profiles/eva-obyrne,
Dublin City Council,53.37888,-6.266705,"53.378880, -6.266705",Fearghal Scanlon,'Art of the Community',"Griffith Avenue/Ballymun Road, Ballymun, Dublin 9.",Northwest,2023,1. Remain as is,https://www.dublincanvas.com/dublin-canvas-artist-profiles/fearghal-scanlon,
Dublin City Council,53.349077,-6.254613,"53.349077, -6.254613",Claire Murphy,'Anna Livia',"Custom House, Gardiner Street, Dublin 1",North Inner City,2022,1. Remain as is,https://www.dublincanvas.com/dublin-canvas-artist-profiles/claire-murphy-c,
Dublin City Council,53.369862,-6.23127,"53.369862, -6.231270",Claire Murphy,The Marino Waltz,Griffith Avenue Junction of St. Declans Terrace (at St. Vincent de Paul Schools),North Central,2024,1. Remain as is,https://www.dublincanvas.com/dublin-canvas-artist-profiles/claire-murphy-9a2cc,
Dublin City Council,53.387279,-6.298413,"53.387279, -6.298413",Jessie Huang,'Summer's Bloom',"Finglas Road/Well Mount Road, Finglas, Dublin 11.",Northwest,2022,1. Remain as is,https://www.dublincanvas.com/dublin-canvas-artist-profiles/jessie-huang,
Dublin City Council,53.386745,-6.301678,"53.386745, -6.301678",Maria Crean,'Queen Medb',"St Michaels Holy Faith Secondary School, Finglas West, Dublin 11",Northwest,2023,1. Remain as is,https://www.dublincanvas.com/dublin-canvas-artist-profiles/maria-crean-4c340,
Dublin City Council,53.382058,-6.291237,"53.382058, -6.291237",Niamh Anello,'Tolka River Trout',"Finglas Road, Tolka Valley Road, Dublin, Dublin 11.",Northwest,2023,1. Remain as is,https://www.dublincanvas.com/dublin-canvas-artist-profiles/niamh-anello,
Dublin City Council,53.39632,-6.293444,"53.396320, -6.293444",Oliva Boylan,'Trees',"Sycamore Road/Jamestown Road, Dublin 11.",Northwest,2023,1. Remain as is,https://www.dublincanvas.com/dublin-canvas-artist-profiles/oliva-boylan,
Dublin City Council,53.382328,-6.27633,"53.382328, -6.276330",Sammy Dowling,'The Inclusive Local Club',"Ballygall Road East, Glasnevin. Dublin 9",Northwest,2022,1. Remain as is,https://www.dublincanvas.com/dublin-canvas-artist-profiles/sammy-dowling,
Dublin City Council,53.384522,-6.312618,"53.384522, -6.312618",Shona Beedall,'Niamh in Tir na nOg',"Cardiffsbridge Rd, Finglas West, Dublin 11.",Northwest,2022,1. Remain as is,https://www.dublincanvas.com/dublin-canvas-artist-profiles/shona-beedall,
Dublin City Council,53.389204,-6.312344,"53.389204, -6.312344",Eilis Connolly,'Birds Eye View',"Cardiffsbridge Road/Cappagh, Finglas, Dublin 11.",Northwest,2021,1. Remain as is,https://www.dublincanvas.com/dublin-canvas-artist-profiles/eilis-connolly,
Dublin City Council,53.379533,-6.288296,"53.379533, -6.288296",Greta O'Brien,'Natural Growth',"Tolka Valley Road/Finglas Road, Finglas, Dublin 11.",Northwest,2021,1. Remain as is,https://www.dublincanvas.com/dublin-canvas-artist-profiles/greta-obrien,
Dublin City Council,53.389225,-6.264901,"53.389225, -6.264901",Jess Downey,'Story Bud',"Ballymun Road/Glasnevin Avenue, Ballygall, Dublin 9",Northwest,2021,1. Remain as is,https://www.dublincanvas.com/dublin-canvas-artist-profiles/jess-downey-2,
Dublin City Council,53.379891,-6.265849,"53.379891, -6.265849",Marie Chatoua,'Hush',"Opposite St Michaels, Ballymun, Dublin 11.",Northwest,2021,1. Remain as is,https://www.dublincanvas.com/dublin-canvas-artist-profiles/marie-chatoua,
Dublin City Council,53.374399,-6.245404,"53.374399, -6.245404",Tracey Dalton,'Did you know....Griffith Avenue is the longest residential boulevard in Europe!‚Äù,"Griffith Avenue, Ballygall, Dublin 9",Northwest,2021,1. Remain as is,https://www.dublincanvas.com/dublin-canvas-artist-profiles/tracey-dalton-2,
Dublin City Council,53.378901,-6.175704,"53.378901, -6.175704",Claire Tunnicliffe,'Heart of Raheny',"Watermill Road, Raheny, Dublin 5.",North Central,2022,1. Remain as is,https://www.dublincanvas.com/dublin-canvas-artist-profiles/claire-tunnicliffe,
Dublin City Council,53.375476,-6.218779,"53.375476, -6.218779",Dayana Bautista,'Donneycarney Lives',"Collins Avenue, Malahide Road, Donnycarney, Dublin 5",North Central,2019,1. Remain as is,https://www.dublincanvas.com/dublin-canvas-artist-profiles/dayana-bautista-2,
Dublin City Council,53.377359,-6.224918,"53.377359, -6.224918",Dayana Bautista,'Leo Rowsome',"Collins Avenue, Beaumont, Dublin 9.",North Central,2020,1. Remain as is,https://www.dublincanvas.com/dublin-canvas-artist-profiles/dayana-bautisa,
Dublin City Council,53.374864,-6.217471,"53.374864, -6.217471",Dayana Bautista,'Three Amigos',"Collins Avenue East, Clanrattty Road, Donnycarney, Dublin 5",North Central,2022,1. Remain as is,https://www.dublincanvas.com/dublin-canvas-artist-profiles/dayana-bautista-3,
Dublin City Council,53.389858,-6.305236,"53.389858, -6.305236",Jes Downey,Big respect to the post,"Mellowes Road Finglas, Dublin 11.",Northwest,2024,1. Remain as is,https://www.dublincanvas.com/dublin-canvas-artist-profiles/jes-downey,
Dublin City Council,53.396694,-6.264031,"53.396694, -6.264031",Luis Eduardo Santos,Cyclist Eyes,Shangan Road - Ballymun - Dublin 9.,Northwest,2024,1. Remain as is,https://www.dublincanvas.com/dublin-canvas-artist-profiles/luis-eduardo-santos,
Dublin City Council,53.385964,-6.265378,"53.385964, -6.265378",Moya Finnegan,Mna Laidir,"St Pappins Road/Ballymun, Dublin 11.",Northwest,2024,1. Remain as is,https://www.dublincanvas.com/dublin-canvas-artist-profiles/moya-finnegan,
Dublin City Council,53.338147,-6.222621,"53.338147, -6.222621",Niamh Crowley,'Living Space',"Irishtown Church, Irishtown Road, Dublin 4.",Southeast,2020,1. Remain as is,https://www.dublincanvas.com/dublin-canvas-artist-profiles/niamh-crowley,
Dublin City Council,53.310075,-6.303147,"53.310075, -6.303147",Ronan O'Gorman,'Woodland Nymph',"Wainsfort Road/Fortfield Road, Terenure, Dublin 6W. ‚Å†",Southeast,2020,1. Remain as is,https://www.dublincanvas.com/dublin-canvas-artist-profiles/ronan-ogorman,
Dublin City Council,53.32025,-6.206056,"53.320250, -6.206056",Agnieszka Mruszczyk,'The Mermaids Song',"Strand Road, Sandymount, Dublin 4",Southeast,2022,1. Remain as is,https://www.dublincanvas.com/dublin-canvas-artist-profiles/agnieszka-mruszczyk,
Dublin City Council,53.327742,-6.264621,"53.327742, -6.264621",Emer Maguire,'Two for Joy',"Rathmines Road, Rathmines, Dublin 6",Kimnage/Rathmines,2023,1. Remain as is,https://www.dublincanvas.com/dublin-canvas-artist-profiles/emer-maguire,
Dublin City Council,53.369812,-6.324938,"53.369812, -6.324938",Ethan Rooney,'To the Moon and Back',"St Vincents Special School, Navan Rd, Ashtown, Dublin 7.",Cabra - Glasnevin,2023,1. Remain as is,https://www.dublincanvas.com/dublin-canvas-artist-profiles/ethan-rooney-edcf3,
Dublin City Council,53.326965,-6.289965,"53.326965, -6.289965",Ethan Rooney,'Childhood in Crumlin',"Clogher Road/Rutland Road, Crumlin, Dublin",Southeast,2022,1. Remain as is,https://www.dublincanvas.com/dublin-canvas-artist-profiles/ethan-rooney,
Dublin City Council,53.324829,-6.302015,"53.324829, -6.302015",Ethan Rooney,'Centenary of Brendan Behan',"Kildare Road, Bangor Road, Dublin 12",Southeast,2023,1. Remain as is,https://www.dublincanvas.com/dublin-canvas-artist-profiles/ethan-rooney-ea605,
Dublin City Council,53.332468,-6.256349,"53.332468, -6.256349",Black Dove,'Gift of Sound',"Adelaide Road, Harcourt Terrace, Dublin 2",Southeast,2023,1. Remain as is,https://www.dublincanvas.com/dublin-canvas-artist-profiles/black-dove,
Dublin City Council,53.343467,-6.274662,"53.343467, -6.274662",Carol Faherty,'Murphys Pram',"High Street, Dublin 8",Southeast,2023,1. Remain as is,https://www.dublincanvas.com/dublin-canvas-artist-profiles/carol-faherty,
Dublin City Council,53.308269,-6.254401,"53.308269, -6.254401",Conor Fitzpatrick,'Peacock',"Milltown Road, Churchtown Road Lower, Rathmines, Dublin 6.",Southeast,2022,1. Remain as is,https://www.dublincanvas.com/dublin-canvas-artist-profiles/conor-fitzpatrick-8,
Dublin City Council,53.342567,-6.357925,"53.342567, -6.357925",Teresa Howes,'The GALA',"Ballyfermot Road, Drumfinn, Dublin 10",Drimnagh Ballyfermot,2020,1. Remain as is,https://www.dublincanvas.com/dublin-canvas-artist-profiles/teresa-howes,
Dublin City Council,53.340532,-6.307669,"53.340532, -6.307669",Cormac O Feinneadha,'Ealu',"Emmet Street/SCR junction, Kilmainham, Dublin 8.",South West Inner City,2020,1. Remain as is,https://www.dublincanvas.com/dublin-canvas-artist-profiles/cormac-o-feinneadha,
Dublin City Council,53.339453,-6.307748,"53.339453, -6.307748",Ella Senturk,'Flora',"Bulfin Road - South Circular Road, Kilmainham, Dublin 8. ",South West Inner City,2020,1. Remain as is,https://www.dublincanvas.com/dublin-canvas-artist-profiles/ella-senturk,
Dublin City Council,53.345854,-6.308195,"53.345854, -6.308195",Nicole O Connor,'Good Luck',"Conyngham Road, Islandbridge, Dublin 8",South West Inner City,2020,1. Remain as is,https://www.dublincanvas.com/dublin-canvas-artist-profiles/nicole-oconnor,
Dublin City Council,53.339458,-6.321135,"53.339458, -6.321135",Amanda Donelan,'At the Core',"Tyrconnell Road, Inchicore, Dublin 8.",South West Inner City,2021,1. Remain as is,https://www.dublincanvas.com/dublin-canvas-artist-profiles/amanda-donelan,
Dublin City Council,53.34623,-6.291518,"53.346230, -6.291518",Cecilia Paramo Oritz,'Animal Totem',"Victoria Quay/Saint Johns Road West, Dublin 8",South West Inner City,2021,1. Remain as is,https://www.dublincanvas.com/dublin-canvas-artist-profiles/cecilia-paramo-oritz,
Dublin City Council,53.342588,-6.293302,"53.342588, -6.293302",Lucy Jenkins,'You're All Stars',"James Street, Dublin 8",South West Inner City,2021,1. Remain as is,https://www.dublincanvas.com/dublin-canvas-artist-profiles/lucy-jenkins,
Dublin City Council,53.348337,-6.342684,"53.348337, -6.342684",Maria Crean,'Iseult',"Chapelizod Road/Chapelizod, Dublin 10",South West Inner City,2021,1. Remain as is,https://www.dublincanvas.com/dublin-canvas-artist-profiles/maria-crean,
Dublin City Council,53.345905,-6.296163,"53.345905, -6.296163",Mariane Cain Pileggi,'WOMEN',"Hueston Station - Military Road, Dublin 8",South West Inner City,2021,1. Remain as is,https://www.dublincanvas.com/dublin-canvas-artist-profiles/mariane-cain-pileggi,
Dublin City Council,53.341501,-6.297677,"53.341501, -6.297677",Roisin Clothier,'The Pigeons',"Mount Browne, Kilmainham, Dublin 8",South West Inner City,2021,1. Remain as is,https://www.dublincanvas.com/dublin-canvas-artist-profiles/roisin-clothier,
Dublin City Council,53.31215,-6.282651,"53.312150, -6.282651",Explore with Marion,'Lovely Lively Community',"Terenure Road North, Terenure, Dublin 6",Kimnage/Rathmines,2023,1. Remain as is,https://www.dublincanvas.com/dublin-canvas-artist-profiles/explore-with-marion,
Dublin City Council,53.33443,-6.325003,"53.334430, -6.325003",Roisn D'arcy,'Parting is such sweet sorrow',"Davitt Road/Kilworth Road, Drimnagh, Dublin 12",South West Inner City,2021,1. Remain as is,https://www.dublincanvas.com/dublin-canvas-artist-profiles/roisn-darcy,
Dublin City Council,53.342416,-6.347472,"53.342416, -6.347472",Maria Crean,'Pirate Queen',"St Michaels School, Kylemore Road, Ballyfermot, Dublin",Drimnagh Ballyfermot,2022,1. Remain as is,https://www.dublincanvas.com/dublin-canvas-artist-profiles/maria-crean-e,
Dublin City Council,53.366758,-6.31368,"53.366758, -6.313680",Eve Ann Farrell,Childhood Memories,"Navan Road, Ashtown, Dublin 15.",Cabra - Glasnevin,2024,1. Remain as is,https://www.dublincanvas.com/dublin-canvas-artist-profiles/%20eve-ann-farrell,
Dublin City Council,53.339379,-6.320103,"53.339379, -6.320103",Geoff Tracey,'A Little Offering',Emmett Road - Inchicore - Dublin 8,South West Inner City,2022,1. Remain as is,https://www.dublincanvas.com/dublin-canvas-artist-profiles/geoff-tracey-7,
Dublin City Council,53.343301,-6.281352,"53.343301, -6.281352",Julia Daniela Filip,'We are one',"Bridgefoot Street/Thomas Street, The Liberties, Dublin 8",South West Inner City,2022,1. Remain as is,https://www.dublincanvas.com/dublin-canvas-artist-profiles/julia-daniela-filip,
Dublin City Council,53.347619,-6.341111,"53.347619, -6.341111",Maria Crean,'Tristan',"Chapelizod Road, Chapelizod, Dublin.",South West Inner City,2022,1. Remain as is,https://www.dublincanvas.com/dublin-canvas-artist-profiles/maria-crean-b,
Dublin City Council,53.338959,-6.216871,"53.338959, -6.216871",Emma Galvin,'Play',"Sean Moore Park, Sean Moore Road, Dublin 4",Southeast,2022,1. Remain as is,https://www.dublincanvas.com/dublin-canvas-artist-profiles/emma-galvin,
Dublin City Council,53.345058,-6.258738,"53.345058, -6.258738",Eve Fitzsimons,Normal People,"College Green/Westmoreland Street, Dublin 2.",Southeast,2024,1. Remain as is,https://www.dublincanvas.com/dublin-canvas-artist-profiles/eve-fitzsimons,
Dublin City Council,53.397839,-6.188004,"53.397839, -6.188004",Gabriela Joyce,'Side by Side',"Priorswood Road, Darndale, Co. Dublin.",North Central,2022,1. Remain as is,https://www.dublincanvas.com/dublin-canvas-artist-profiles/gabriela-joyce,
Dublin City Council,53.3276,-6.30917,"53.327600, -6.309170",Lauren O'Neill,There's No Place Like Home,"Junction of Crumlin Road/Iveagh Gardens, Crumlin, Dublin 12.",Kimnage/Rathmines,2022,1. Remain as is,https://www.dublincanvas.com/dublin-canvas-artist-profiles/lauren-oneill,
Dublin City Council,53.388348,-6.265414,"53.388348, -6.265414",Gabriela Joyce,'Rise Above',"Ballymun Road, Ballymun, Dublin 9.",Northwest,2022,1. Remain as is,https://www.dublincanvas.com/dublin-canvas-artist-profiles/gabriela-joyce-6,
Dublin City Council,53.341849,-6.252455,"53.341849, -6.252455",Janette Monahan,'Watch Out Foxes About',"Lincoln Place, Dublin 2",Southeast,2022,1. Remain as is,https://www.dublincanvas.com/dublin-canvas-artist-profiles/janette-monahan,
Dublin City Council,53.397572,-6.266217,"53.397572, -6.266217",Gabriela Joyce,Shared Joy,"Balcurris Road, Balbutcher Lane, Ballymun, Dublin 11",Northwest,2024,1. Remain as is,https://www.dublincanvas.com/dublin-canvas-artist-profiles/%20gabriela-joyce-ccb7e,
Dublin City Council,53.341776,-6.227908,"53.341776, -6.227908",Clodagh McKenna,'The Letter',Thorncastle Street - Ringsend - Dublin 4,Southeast,2021,1. Remain as is,https://www.dublincanvas.com/dublin-canvas-artist-profiles/clodagh-mckenna,
Dublin City Council,53.32884,-6.230665,"53.328840, -6.230665",Conor Fitzpatrick,'The Dodder Kingfisher',"Ballsbridge, Dublin 4.",Southeast,2021,1. Remain as is,https://www.dublincanvas.com/dublin-canvas-artist-profiles/conor-fitzpatrick,
Dublin City Council,53.324457,-6.295952,"53.324457, -6.295952",Jo May,'Parkiological Dig',"Sundrive Road, Stannaway, Dublin 12",Kimnage/Rathmines,2021,1. Remain as is,https://www.dublincanvas.com/dublin-canvas-artist-profiles/jo-may,
Dublin City Council,53.333185,-6.243326,"53.333185, -6.243326",Mallika Chawla,"Little Delights, Big Smiles'","Baggot Street Upper, Dublin 4.",Southeast,2023,1. Remain as is,https://www.dublincanvas.com/dublin-canvas-artist-profiles/mallika-chawla,
Dublin City Council,53.34475,-6.252264,"53.344750, -6.252264",David Mackey,'The Box of Kells',"Pearse Street, Shaw Street, Dublin 2",Southeast,2021,1. Remain as is,https://www.dublincanvas.com/dublin-canvas-artist-profiles/david-mackey,
Dublin City Council,53.329944,-6.264215,"53.329944, -6.264215",Eilis O'Neill,'Making Music',"Canal Road, Rathmines, Dublin 2",Southeast,2021,1. Remain as is,https://www.dublincanvas.com/dublin-canvas-artist-profiles/eilis-oneill-3,
Dublin City Council,53.34216,-6.254526,"53.342160, -6.254526",Gallanteers - Volunteers at the National Gallery of Ireland,'BANRION NA FEINNE',"Nassau Street/Kildare Street, Dublin 2",Southeast,2021,1. Remain as is,https://www.dublincanvas.com/dublin-canvas-artist-profiles/gallanteers,
Dublin City Council,53.305644,-6.236676,"53.305644, -6.236676",Gordan Bent,'Espresso',"Bird Avenue, Clonskeagh, Dublin 6",Southeast,2021,1. Remain as is,https://www.dublincanvas.com/dublin-canvas-artist-profiles/gordan-bent,
Dublin City Council,53.345265,-6.255159,"53.345265, -6.255159",Olga Kunichenko and Irina Munina,'Cats of Kells',"Pearse Street - Tara Street, Dublin 2",Southeast,2023,1. Remain as is,https://www.dublincanvas.com/dublin-canvas-artist-profiles/olga-kunichenko-and-irina-munina,
Dublin City Council,53.332257,-6.231771,"53.332257, -6.231771",Paul Francis,"'Ireland V England, Lansdowne Road, 1900'","Shelbourne Road, Crampton Road, Dublin 4.",Southeast,2023,1. Remain as is,https://www.dublincanvas.com/dublin-canvas-artist-profiles/paul-francis-17f71,
Dublin City Council,53.332254,-6.231808,"53.332254, -6.231808",Paul Francis,'Ireland since 1878',"Shelbourne Road/Crampton Avenue, Ballsbridge, Dublin 4.",Southeast,2022,1. Remain as is,https://www.dublincanvas.com/dublin-canvas-artist-profiles/paul-francis-1,
Dublin City Council,53.309523,-6.284712,"53.309523, -6.284712",Roisin Sheehy,'Einini',"Terenure Place, Terenure, Dublin 2",Kimnage/Rathmines,2021,1. Remain as is,https://www.dublincanvas.com/dublin-canvas-artist-profiles/roisin-sheehy,
Dublin City Council,53.338177,-6.253572,"53.338177, -6.253572",Juliette O'Brien,'Freedom',"Merrion Street Upper, Dublin 2",Southeast,2021,1. Remain as is,https://www.dublincanvas.com/dublin-canvas-artist-profiles/juliette-obrien-10,
Dublin City Council,53.318543,-6.241996,"53.318543, -6.241996",Niamh Ni Mhaoilir,'Fox in a Daze',"Eglinton Road, Milltown, Dublin 6",Southeast,2021,1. Remain as is,https://www.dublincanvas.com/dublin-canvas-artist-profiles/niamh-ni-mhaoilir,
Dublin City Council,53.347995,-6.274571,"53.347995, -6.274571",Hugh Madden,'Sarah Curran & Robert Curran',Church Street. Dublin 7,North Inner City,2017,1. Remain as is,https://www.dublincanvas.com/dublin-canvas-artist-profiles/hugh-madden-4,
Dublin City Council,53.350012,-6.281727,"53.350012, -6.281727",Hugh Madden,'The King of Dublin's Daughter',"Manor Street/Brunswick Street, Dublin 7",North Inner City,2018,1. Remain as is,https://www.dublincanvas.com/dublin-canvas-artist-profiles/hugh-madden-7,
Dublin City Council,53.330292,-6.297777,"53.330292, -6.297777",Sophie Carroll Hunt,'Snack Time',"Sundrive Road, Crumlin Road, Dublin 12",Kimnage/Rathmines,2021,1. Remain as is,https://www.dublincanvas.com/dublin-canvas-artist-profiles/sophie-carroll-hunt,
Dublin City Council,53.341257,-6.225862,"53.341257, -6.225862",Hugh Madden,'Fishermen of Ringsend',"9 Fitzwilliam Street, Ringsend, Dublin 4",Southeast,2019,1. Remain as is,https://www.dublincanvas.com/dublin-canvas-artist-profiles/hugh-madden-9,
Dublin City Council,53.3182695,-6.3031886,"53.3182695,-6.3031886",Hugh Madden,'Messiah',"Fishamble Street, Dublin 2.",Southeast,2022,1. Remain as is,https://www.dublincanvas.com/dublin-canvas-artist-profiles/hugh-madden-e,
Dublin City Council,53.345832,-6.259238,"53.345832, -6.259238",StÈphanie ChÈron-Cielecki,'Poolbeg' & 'Foxy at night time'',"Fleet Street. Temple Bar, Dublin 2 Unit 2",Southeast,2023,1. Remain as is,https://www.dublincanvas.com/dublin-canvas-artist-profiles/stphanie-chron-cielecki,
Dublin City Council,53.346863,-6.258853,"53.346863, -6.258853",Hugh Madden,Molly Malone,O'Connell Bridge,Southeast,2024,1. Remain as is,https://www.dublincanvas.com/dublin-canvas-artist-profiles/hugh-madden-6c810,
Dublin City Council,53.345674,-6.265036,"53.345674, -6.265036",Ellen Mohan,Mr. and Mrs. Steal Your Chips,"Eustace Street, Temple Bar, Dublin 2",Southeast,2024,1. Remain as is,https://www.dublincanvas.com/dublin-canvas-artist-profiles/ellen-mohan,
Dublin City Council,53.332641,-6.215759,"53.332641, -6.215759",Emer Maguire,Time and Tide,"Sandymount Village, Dublin 4",Southeast,2024,1. Remain as is,https://www.dublincanvas.com/dublin-canvas-artist-profiles/emer-maguire-9e989,
Dublin City Council,53.322349,-6.23729,"53.322349, -6.237290",Janan Abir,"There, there","Donnybrook Road, Donnybrook, Dublin 4.",Southeast,2024,1. Remain as is,https://www.dublincanvas.com/dublin-canvas-artist-profiles/janan-abir,
Dublin City Council,53.311983,-6.274568,"53.311983, -6.274568",Lucila Severini,The World of James Joyce,"Highfield Road, Orwell Road, Rathgar, Dublin 6",Southeast,2024,1. Remain as is,https://www.dublincanvas.com/dublin-canvas-artist-profiles/lucila-severini,
Dublin City Council,53.3338,-6.258472,"53.333800, -6.258472",Mallika Chawla,Humans of Dublin,"Hatch Street/ Earlsfort Terrace, Saint Kevin's, Dublin 2.",Southeast,2024,1. Remain as is,https://www.dublincanvas.com/dublin-canvas-artist-profiles/%20mallika-chawla-d8a46,
Dublin City Council,53.337923,-6.269143,"53.337923, -6.269143",Shane McCormack,Stoker,"New Bride Street, Portobello, Dublin 8",Southeast,2024,1. Remain as is,https://www.dublincanvas.com/dublin-canvas-artist-profiles/%20shane-mccormack,
Dublin City Council,53.332563,-6.253278,"53.332563, -6.253278",Shannan Jade Wilson,Lets Bloom,"Leeson Street/Fitzwilliam Place, Dublin 2",Southeast,2024,1. Remain as is,https://www.dublincanvas.com/dublin-canvas-artist-profiles/shannan-jade-wilson,
Dublin City Council,53.320139,-6.315799,"53.320139, -6.315799",Ilaria Manen,Wollen Connection,"Crumlin Village, Crumlin, Dublin 12.",Kimnage/Rathmines,2024,1. Remain as is,https://www.dublincanvas.com/dublin-canvas-artist-profiles/ilaria-manen,
Dublin City Council,53.373268,-6.268617,"53.373268, -6.268617",Isobel and Anna Mahon,'Shepherd's Warning',"Old Finglas Road/ Glasnevin Hill, Dublin 9",Cabra - Glasnevin,2023,1. Remain as is,https://www.dublincanvas.com/dublin-canvas-artist-profiles/isobel-and-anna-mahon,
Dublin City Council,53.379366,-6.310882,"53.379366, -6.310882",Jen Harrington,An Banphrionsa,"Tolka Valley Road/Cardiffbridge Road, Finglas, Dublin 11.",Northwest,2024,1. Remain as is,https://www.dublincanvas.com/dublin-canvas-artist-profiles/jen-harrington,
Dublin City Council,53.366778,-6.218649,"53.366778, -6.218649",Jenny Cleary,'Bees',"Howth Road, Hollybrook Park, Dublin 5",North Central,2021,1. Remain as is,https://www.dublincanvas.com/dublin-canvas-artist-profiles/jenny-cleary-5,
Dublin City Council,53.358952,-6.196087,"53.358952, -6.196087",Jenny Cleary,'Love is All Aound',"Vernon Avenue, Clontarf Road, Dublin 3",North Central,2022,1. Remain as is,https://www.dublincanvas.com/dublin-canvas-artist-profiles/jenny-cleary-1,
Dublin City Council,53.382452,-6.149623,"53.382452, -6.149623",Jenny Cleary,'Echinoderm',"Howth Road, Donaghmede, Dublin 5.",North Central,2023,1. Remain as is,https://www.dublincanvas.com/dublin-canvas-artist-profiles/jenny-cleary-starfish,
Dublin City Council,53.386959,-6.147522,"53.386959, -6.147522",Jenny Cleary,Snathaid Mhor',Kilbarrack Road - Kilbarrack Avenue - Dublin 5,North Central,2023,1. Remain as is,https://www.dublincanvas.com/dublin-canvas-artist-profiles/jenny-cleary-213cc,
Dublin City Council,53.378477,-6.213319,"53.378477, -6.213319",Jenny Cleary,Cat and Mouse,Junction of St. Davids Wood & Malahide Road Unit 2,North Central,2024,1. Remain as is,https://www.dublincanvas.com/dublin-canvas-artist-profiles/jenny-cleary-c98e0,
Dublin City Council,53.383949,-6.18368,"53.383949, -6.183680",Jenny Cleary,Stop and Smell the Flowers,Springdale Road at junction of Harmonstown Road,North Central,2024,1. Remain as is,https://www.dublincanvas.com/artist-profiles-main,
Dublin City Council,53.403534,-6.282093,"53.403534, -6.282093",Jenny Cleary,'Bio Diversity',"Balbutcher Lane/Belcare View, Finglas, Dublin 11.",Northwest,2023,1. Remain as is,https://www.dublincanvas.com/dublin-canvas-artist-profiles/jenny-cleary-e4cf3,
Dublin City Council,53.389852,-6.293473,"53.389852, -6.293473",Jenny Cleary,Love at First Sight,"Seamus Ennis Road/Clune Road, Finglas, Dublin 11",Northwest,2022,1. Remain as is,https://www.dublincanvas.com/dublin-canvas-artist-profiles/jenny-cleary-6,
Dublin City Council,53.362525,-6.272812,"53.362525, -6.272812",Jessica Molesini,'Lets go to the shop',"Connaught Street/Phibsboro Road, Dublin 7",North Inner City,2022,1. Remain as is,https://www.dublincanvas.com/dublin-canvas-artist-profiles/jessica-molesini-9,
Dublin City Council,53.377683,-6.28748,"53.377683, -6.287480",Jessica Molesini,'Good Boy!',"Old Finglas Road/Finglas Road, Finglas, Dublin 11",Northwest,2022,1. Remain as is,https://www.dublincanvas.com/dublin-canvas-artist-profiles/jessica-molesini-b,
Dublin City Council,53.33057,-6.296897,"53.330570, -6.296897",Jessica Molesini,'Your path is unique',"Outside Scoil Mhuire Ogh/Loreto Senior Primary School, Crumlin Road, Dublin 12",Southeast,2023,1. Remain as is,https://www.dublincanvas.com/dublin-canvas-artist-profiles/jessica-molesini-544a7,
Dublin City Council,53.334327,-6.245736,"53.334327, -6.245736",Jessica Molesini,'The Secret Corner',"Wilton Terrace, Dublin 2",Southeast,2021,1. Remain as is,https://www.dublincanvas.com/dublin-canvas-artist-profiles/jessica-molesini,
Dublin City Council,53.339705,-6.246602,"53.339705, -6.246602",Jessica Molesini,Are you living or existing?,"Merrion Square North, Dublin 2",Southeast,2024,1. Remain as is,https://www.dublincanvas.com/dublin-canvas-artist-profiles/jessica-molesini-e2c13,
Dublin City Council,53.340359,-6.284636,"53.340359, -6.284636",John Hoban,Marrowbowlane Flats,"Marrowbowlane, Dublin 8",South West Inner City,2024,1. Remain as is,https://www.dublincanvas.com/dublin-canvas-artist-profiles/john-hoban-7c596,
Dublin City Council,53.334189,-6.319569,"53.334189, -6.319569",Katherine Foyle,'Athletic Fair Mighty',"Galtymore Road, Drimnagh, Dublin 12",Drimnagh Ballyfermot,2023,1. Remain as is,https://www.dublincanvas.com/dublin-canvas-artist-profiles/katherine-foyle,
Dublin City Council,53.349102,-6.241074,"53.349102, -6.241074",Marta Okulicz,'A Tale in the Wall',"Mayor Street/Guild Street, Dublin 1",North Inner City,2021,1. Remain as is,https://www.dublincanvas.com/dublin-canvas-artist-profiles/marta-okulicz,
Dublin City Council,53.355836,-6.287752,"53.355836, -6.287752",Marta Okulicz,'Rock N Chicken Fillet Roll',"Prussia Street/Stoneybatter, Dublin 7",North Inner City,2023,1. Remain as is,https://www.dublincanvas.com/dublin-canvas-artist-profiles/marta-okulicz-b948a,
Dublin City Council,53.342763,-6.279211,"53.342763, -6.279211",Meagan Hyland,'The Heart of the Liberties',"Thomas Street, Meath Street. Dublin 8.",South West Inner City,2017,1. Remain as is,https://www.dublincanvas.com/dublin-canvas-artist-profiles/meagan-hyland,
Dublin City Council,53.335499,-6.265264,"53.335499, -6.265264",Meagan Hyland,'Hold Me Closer',"Camden Street Lower, Dublin 8",Southeast,2020,1. Remain as is,https://www.dublincanvas.com/dublin-canvas-artist-profiles/megan-hyland,
Dublin City Council,53.325184,-6.31736,"53.325184, -6.317360",Meagan Hyland,A Foxy Friend,"Crumlin Road/Kildare Road, Drimnagh Dublin 12",Kimnage/Rathmines,2024,1. Remain as is,https://www.dublincanvas.com/dublin-canvas-artist-profiles/meagan-hyland-c4b5e,
Dublin City Council,53.34866,-6.282067,"53.348660, -6.282067",Nathan O'Gara,'Justice',"Blackhall Place, Stoneybatter, Dublin 7",North Inner City,2022,1. Remain as is,https://www.dublincanvas.com/dublin-canvas-artist-profiles/nathan-ogara-e,
Dublin City Council,53.332481,-6.268526,"53.332481, -6.268526",Nathan O'Gara,'Together;,"South Circular Road/Heytesbury Street, Portobello, Dublin 8",Southeast,2019,1. Remain as is,https://www.dublincanvas.com/dublin-canvas-artist-profiles/nathan-ogara,
Dublin City Council,53.361116,-6.28615,"53.361116, -6.286150",Pawel Jasinski,'Abundance',"Imaal Road/Cabra Road, Cabra, Dublin 7",Cabra - Glasnevin,2021,1. Remain as is,https://www.dublincanvas.com/dublin-canvas-artist-profiles/pawel-jasinski-5,
Dublin City Council,53.359017,-6.262088,"53.359017, -6.262088",Pawel Jasinski,'Dancing Trees',Dorset Street Unit 1,North Inner City,2019,1. Remain as is,https://www.dublincanvas.com/dublin-canvas-artist-profiles/pawel-jasinski-3,
Dublin City Council,53.350205,-6.274361,"53.350205, -6.274361",Pawel Jasinski,'Book Reader',"North King Street/Linehall Street, Dublin 7.",North Inner City,2020,1. Remain as is,https://www.dublincanvas.com/dublin-canvas-artist-profiles/pawel-jasinski-4,
Dublin City Council,53.351239,-6.269704,"53.351239, -6.269704",Pawel Jasinski,Windy Woman,"Bolton Street, Dublin 1",North Inner City,2024,1. Remain as is,https://www.dublincanvas.com/dublin-canvas-artist-profiles/pawel-jasinski-c87fe,
Dublin City Council,53.333595,-6.291411,"53.333595, -6.291411",Nour Hajjar,'DUBLIN LOVE',"South Circular Road, Cork Street, Dublin 8.",South West Inner City,2022,1. Remain as is,https://www.dublincanvas.com/dublin-canvas-artist-profiles/nour-hajjar,
Dublin City Council,53.317697,-6.334025,"53.317697, -6.334025",Paati Matsushita,'Bee the Change',"Walkinstown Ave, Walkinstown, Dublin 12",South West Inner City,2022,1. Remain as is,https://www.dublincanvas.com/dublin-canvas-artist-profiles/paati-matsushita-b,
Dublin City Council,53.323753,-6.334058,"53.323753, -6.334058",Paddy Wall,'It's all Greek to me',"Assumption Senior Girls' National School, Drimnagh, Dublin 12",South West Inner City,2022,1. Remain as is,https://www.dublincanvas.com/dublin-canvas-artist-profiles/paddy-wall-6,
Dublin City Council,53.333135,-6.32935,"53.333135, -6.329350",Roisin Clothier,'Love Bluebell',"Bluebell Road, Naas Road, 'The Gap', Bluebell, Dublin 12",South West Inner City,2022,1. Remain as is,https://www.dublincanvas.com/dublin-canvas-artist-profiles/roisin-clothier-a,
Dublin City Council,53.340695,-6.312619,"53.340695, -6.312619",Roisin Clothier,'Scribbling Pigeon',"Emmet Road , Inchicore, Dublin 8.",South West Inner City,2022,1. Remain as is,https://www.dublincanvas.com/dublin-canvas-artist-profiles/roisin-clothier-b,
Dublin City Council,53.339252,-6.274737,"53.339252, -6.274737",Vini Bustamante,'Frog King',"St Lukes Avenue/The Coombe, The Liberties, Dublin 8",South West Inner City,2022,1. Remain as is,https://www.dublincanvas.com/dublin-canvas-artist-profiles/vini-bustamante-4,
Dublin City Council,53.342137,-6.35217,"53.342137, -6.352170",Conor O Lochlainn,'Pat Mustard',"Ballyfermot Road at Tesco, Ballyfermot Road, Ballyfermot, Dublin 12",Drimnagh Ballyfermot,2023,1. Remain as is,https://www.dublincanvas.com/dublin-canvas-artist-profiles/conor-lochlainn,
Dublin City Council,53.324106,-6.279812,"53.324106, -6.279812",Pawel Jasinski,'Lady Spring',"Harolds Cross Road, Mount Argus Road, Harolds Cross, Dublin.",Southeast,2022,1. Remain as is,https://www.dublincanvas.com/dublin-canvas-artist-profiles/pawel-jasinski-25,
Dublin City Council,53.337632,-6.226918,"53.337632, -6.226918",Pawel Jasinski,Windy Woman,"Bath Avenue/Londonbridge, Ringsend, D4",Southeast,2024,1. Remain as is,https://www.dublincanvas.com/dublin-canvas-artist-profiles/pawel-jasinski-a4d74,
Dublin City Council,53.350161,-6.273941,"53.350161, -6.273941",Rachel Maher,'Chris & Steve',"Church Street Upper, Dublin 7",North Inner City,2020,1. Remain as is,https://www.dublincanvas.com/dublin-canvas-artist-profiles/rachel-maher-4,
Dublin City Council,53.342171,-6.328441,"53.342171, -6.328441",Shyanne Dunne,'Bloomin Thought',"Sarsfield Road, Ballyfermot, Dublin 12.",Drimnagh Ballyfermot,2023,1. Remain as is,https://www.dublincanvas.com/dublin-canvas-artist-profiles/shyanne-dunne,
Dublin City Council,53.338244,-6.281339,"53.338244, -6.281339",Elizaveta Tolmacheva,'Dublin's Motion',"Weavers Park, Cork Street, Dublin 8",South West Inner City,2023,1. Remain as is,https://www.dublincanvas.com/dublin-canvas-artist-profiles/elizaveta-tolmacheva,
Dublin City Council,53.340589,-6.283229,"53.340589, -6.283229",Geoff Tracey,Where Streams of Whiskey Flow',"Summer Street, Marrowbow Lane, Dublin 8.",South West Inner City,2023,1. Remain as is,https://www.dublincanvas.com/dublin-canvas-artist-profiles/geoff-tracy,
Dublin City Council,53.343146,-6.276121,"53.343146, -6.276121",John Brady,'Green Lady',"Thomas Street - St Augustine Street, Dublin 8",South West Inner City,2023,1. Remain as is,https://www.dublincanvas.com/dublin-canvas-artist-profiles/john-brady,
Dublin City Council,53.34369,-6.284826,"53.343690, -6.284826",Ricardo Coimbra,'Lost Sail',"Walting Street/James Street, Dublin 8.",South West Inner City,2023,1. Remain as is,https://www.dublincanvas.com/dublin-canvas-artist-profiles/ricardo-coimbra,
Dublin City Council,53.348276,-6.30837,"53.348276, -6.308370",Rachel Maher,'5th Dimension',"Chapelizard/South Circular Road, Phoenix Road, Dublin 8",South West Inner City,2019,1. Remain as is,https://www.dublincanvas.com/dublin-canvas-artist-profiles/rachel-maher-3,
Dublin City Council,53.343854,-6.372133,"53.343854, -6.372133",Rachel Maher,'Aurora',"Ballyfermot Road, Cherry Orchard, Dublin 10.",Drimnagh Ballyfermot,2021,1. Remain as is,https://www.dublincanvas.com/dublin-canvas-artist-profiles/rachel-maher-5,
Dublin City Council,53.337718,-6.353995,"53.337718, -6.353995",Rachel Maher,'Anthea',"Le Fanu Road, Kylemore Road, Ballyfermot, Dublin 12.",Drimnagh Ballyfermot,2022,1. Remain as is,https://www.dublincanvas.com/dublin-canvas-artist-profiles/rachel-maher-38,
Dublin City Council,53.32351,-6.260364,"53.323510, -6.260364",Roisin Long and Sadhbh Long,'Four Faced Liar',"Belgrave Square/MountPleasant Avenue Upper, Dublin 6",Southeast,2022,1. Remain as is,https://www.dublincanvas.com/dublin-canvas-artist-profiles/roisin-long,
Dublin City Council,53.321202,-6.255956,"53.321202, -6.255956",Roisin Long and Sadhbh Long,Ireland'sFirst Balloon Flight',"Oakley Road/Dunville Avenue, Ranelagh, Dublin 6",Southeast,2023,1. Remain as is,https://www.dublincanvas.com/dublin-canvas-artist-profiles/sadhbh-long-and-roisin-long,
Dublin City Council,53.344168,-6.276179,"53.344168, -6.276179",Sara Maneiro Rey,Margarita',"Lower Bridge Street Upper/Cook Street, Dublin 8",South West Inner City,2023,1. Remain as is,https://www.dublincanvas.com/dublin-canvas-artist-profiles/sara-maneiro-85362,
Dublin City Council,53.360682,-6.275098,"53.360682, -6.275098",Shauna Heron,'The Oul Ones',"Saint Peter's Church, North Road Circular, Dublin 7.",Cabra - Glasnevin,2022,1. Remain as is,https://www.dublincanvas.com/dublin-canvas-artist-profiles/shauna-heron-a,
Dublin City Council,53.377217,-6.275248,"53.377217, -6.275248",Shauna Heron,'Summer Says',"St. Brigid's GNS, Old Finglas Road, Glasnevin, Dublin.",Cabra - Glasnevin,2023,1. Remain as is,https://www.dublincanvas.com/dublin-canvas-artist-profiles/shauna-heron-460a0,
Dublin City Council,53.39008,-6.311429,"53.390080, -6.311429",Shauna Heron,Womens Football,"Mellowes Road/Cardiffsbridge Road, Finglas, Dublin 11.",Northwest,2024,1. Remain as is,https://www.dublincanvas.com/dublin-canvas-artist-profiles/shauna-heron-f3b39,
Dublin City Council,53.33859,-6.299602,"53.338590, -6.299602",Shauna Heron,'Victory is Coming',"South Circular Road, Brookefield Road, Dublin 8",South West Inner City,2021,1. Remain as is,https://www.dublincanvas.com/dublin-canvas-artist-profiles/shauna-heron-3,
Dublin City Council,53.33756,-6.347659,"53.337560, -6.347659",Conor O Lochlainn,Ceannairi na h-Eiri Amac,"Kylemore Road, Landen Road, Dublin 8.",Drimnagh Ballyfermot,2024,1. Remain as is,https://www.dublincanvas.com/dublin-canvas-artist-profiles/conor-o-loclainn,
Dublin City Council,53.342165,-6.325199,"53.342165, -6.325199",Maureen Kelly Fox,Artstravaganza,"Sarsfield Road, Kilmainham, Dublin 10.",Drimnagh Ballyfermot,2024,1. Remain as is,https://www.dublincanvas.com/dublin-canvas-artist-profiles/maureen-kelly-fox-1cc8f,
Dublin City Council,53.347967,-6.346212,"53.347967, -6.346212",Maureen Kelly Fox,Swanderful,"Mayfield Terrace/Lucan Rd, Chapelizod, Dublin 20.",Drimnagh Ballyfermot,2024,1. Remain as is,https://www.dublincanvas.com/dublin-canvas-artist-profiles/maureen-kelly-fox-7b5a2,
Dublin City Council,53.321442,-6.330961,"53.321442, -6.330961",Pamela Kavanagh,Rainbow Horses,"Kilnamanagh Road, Walkinstown Road, Walkinstown, Dublin",Drimnagh Ballyfermot,2024,1. Remain as is,https://www.dublincanvas.com/artist-profiles-main,
Dublin City Council,53.338685,-6.279458,"53.338685, -6.279458",Izzy Fox,Telefon Box,"Cork Street/Ardee Street, Dublin 8",South West Inner City,2024,1. Remain as is,https://www.dublincanvas.com/dublin-canvas-artist-profiles/izzy-fox-bc189,
Dublin City Council,53.3373,-6.285953,"53.337300, -6.285953",Jason Vincent,Nuts,"Cork Street/Donore Avenue, Dublin 8.",South West Inner City,2024,1. Remain as is,https://www.dublincanvas.com/dublin-canvas-artist-profiles/jason-vincent,
Dublin City Council,53.319901,-6.287846,"53.319901, -6.287846",Shauna Heron,'King of the Suburban Jungle',"Mount Argus Park, Kimmage Road Lower, Dublin 6.",Kimnage/Rathmines,2022,1. Remain as is,https://www.dublincanvas.com/dublin-canvas-artist-profiles/shauna-heron-6,
Dublin City Council,53.33874,-6.277933,"53.338740, -6.277933",Mindy Tang,Abundance through the year,"Brabazon Street/St Lukes Avenue, Dublin 8.",South West Inner City,2024,1. Remain as is,https://www.dublincanvas.com/artist-profiles-main,
Dublin City Council,53.344268,-6.271996,"53.344268, -6.271996",Sara Maneiro Rey,'Full Moon',"Winetavern Street/Cook Street, Woodquay, Dublin 8. ",South West Inner City,2024,1. Remain as is,https://www.dublincanvas.com/dublin-canvas-artist-profiles/sara-maneiro-rey,
Dublin City Council,53.338613,-6.255345,"53.338613, -6.255345",Shauna Heron,Stephens Green- Then and Now',"Merrion Row, Dublin 2",Southeast,2021,1. Remain as is,https://www.dublincanvas.com/dublin-canvas-artist-profiles/shauna-heron-4,
Dublin City Council,53.342646,-6.240874,"53.342646, -6.240874",Shauna Heron,'Dublin Doors',"Pearse Street - Macken Street, Dublin 2",Southeast,2022,1. Remain as is,https://www.dublincanvas.com/dublin-canvas-artist-profiles/shauna-heron-d,
Dublin City Council,53.339732,-6.315115,"53.339732, -6.315115",Shauna Heron,'Ann O'Brien',"Bulfin Road, Inchicore, Dublin 8.",South West Inner City,2023,1. Remain as is,https://www.dublincanvas.com/dublin-canvas-artist-profiles/shauna-heron-d18d2,
Dublin City Council,53.362442,-6.195622,"53.362442, -6.195622",Steve O'Toole,'Welcome to His Head',"Vernon Ave, Clontarf, Dublin 3.",North Central,2023,1. Remain as is,https://www.dublincanvas.com/dublin-canvas-artist-profiles/steve-otoole,
Dublin City Council,53.339884,-6.278068,"53.339884, -6.278068",Steve O'Toole,Liberties Belle,"Meath Street, The Coombe (Foleys Chemist)",South West Inner City,2024,1. Remain as is,https://www.dublincanvas.com/artist-profiles-main,
Dublin City Council,53.380361,-6.172765,"53.380361, -6.172765",Susan Crossan,'Fancy Meeting You Hare',"Howth Road, Raheny Village, Dublin 5",North Central,2021,1. Remain as is,https://www.dublincanvas.com/dublin-canvas-artist-profiles/susan-crossan-2,
Dublin City Council,53.390822,-6.183443,"53.390822, -6.183443",Susan Crossan & Ellie Greene,'Squirreled Away',"St Assams Road East, Raheny, Dublin 5.",North Central,2022,1. Remain as is,https://www.dublincanvas.com/dublin-canvas-artist-profiles/susan-crossan-ellie-greene,
Dublin City Council,53.333301,-6.243345,"53.333301, -6.243345",Tara Lynch,'Pigeons in Love',"Fitzwilliam Street, Dublin 2",Southeast,2021,1. Remain as is,https://www.dublincanvas.com/dublin-canvas-artist-profiles/tara-lynch,
Dublin City Council,53.365678,-6.28955,"53.365678, -6.289550",Tom O'Brien,'Local Heroes',"Carnlough Road, Cabra, Dublin 7",Cabra - Glasnevin,2019,1. Remain as is,https://www.dublincanvas.com/dublin-canvas-artist-profiles/tom-cabra-2,
Dublin City Council,53.361327,-6.290849,"53.361327, -6.290849",Tom O'Brien,'The Grand',"Cabra Road/Annamore Road, Cabra, Dublin 7",Cabra - Glasnevin,2020,1. Remain as is,https://www.dublincanvas.com/dublin-canvas-artist-profiles/tom-obrien,
Dublin City Council,53.361772,-6.298729,"53.361772, -6.298729",Tom O'Brien,'Cabras Celtic Warrior',"Navan Road/Cabra Road, Dublin 7",Cabra - Glasnevin,2021,1. Remain as is,https://www.dublincanvas.com/dublin-canvas-artist-profiles/tom-obrien-2,
Dublin City Council,53.365678,-6.28955,"53.365678, -6.289550",Tom O'Brien,A Laochra Aitia',"Fassaugh Recreation Centre, Fassaugh Avenue, Dublin",North Inner City,2019,1. Remain as is,https://www.dublincanvas.com/dublin-canvas-artist-profiles/tom-cabra,
Dublin City Council,53.363943,-6.299014,"53.363943, -6.299014",Tom O'Brien,'The Golden Arrow',"Ratoath Road/Cabra West, Dublin 7",Cabra - Glasnevin,2023,1. Remain as is,https://www.dublincanvas.com/dublin-canvas-artist-profiles/tom-obrien-9e09a,
Dublin City Council,53.390279,-6.157166,"53.390279, -6.157166",Veronica Dooley,'Dog Days',"Harolds Cross, Dublin 6",Southeast,2017,1. Remain as is,https://www.dublincanvas.com/dublin-canvas-artist-profiles/vernoica-dooley,
Dublin City Council,53.34866,-6.282067,"53.348660, -6.282067",Aine Macken,'The Honourable Ms. Pooch',"Blackhall Place, Stoneybatter, Dublin 7",North Inner City,2017 - 2022,2. Painted Over,https://www.dublincanvas.com/dublin-canvas-artist-profiles/aine-macken-2,
Dublin City Council,53.350572,-6.280147,"53.350572, -6.280147",Aine Macken,'Bo',"North Brunswick Street, Stoneybatter, Dublin 7.",North Inner City,2016 - 2018,2. Painted Over,https://www.dublincanvas.com/dublin-canvas-artist-profiles/aine-macken,
Dublin City Council,53.341917,-6.316659,"53.341917, -6.316659",Ciara Johnson,'Great Irish Elk',"Memorial Road, Inchicore Road, Dublin 8",South West Inner City,2017,2. Painted Over,https://www.dublincanvas.com/dublin-canvas-artist-profiles/ciara-johnson,
Dublin City Council,53.340604,-6.270059,"53.340604, -6.270059",Alison O'Grady,'A Grai mo chroa Dublin City',"Bull Street/Bride Street, Dublin 2.",Southeast,2016 - 2019,2. Painted Over,https://www.dublincanvas.com/dublin-canvas-artist-profiles/alison-ogrady-2,
Dublin City Council,53.341776,-6.227908,"53.341776, -6.227908",Alison O'Grady,'Alright me aul flower',Thorncastle Street - Ringsend - Dublin 4,Southeast,2016 - 2021,2. Painted Over,https://www.dublincanvas.com/dublin-canvas-artist-profiles/alison-ogrady,
Dublin City Council,53.339884,-6.278068,"53.339884, -6.278068",Garreth Joyce,'Happy Horse',"Meath Street, The Coombe (Foleys Chemist)",South West Inner City,2017,2. Painted Over,https://www.dublincanvas.com/dublin-canvas-artist-profiles/gareth-joyce,
Dublin City Council,53.342137,-6.35217,"53.342137, -6.352170",Anne Marie McGrane,'Getting the Messages',"Ballyfermot Road at Tesco, Ballyfermot Road, Ballyfermot, Dublin 12",Drimnagh Ballyfermot,2018 - 2023,2. Painted Over,https://www.dublincanvas.com/dublin-canvas-artist-profiles/anne-marie-mcgrane-2,
Dublin City Council,53.366758,-6.31368,"53.366758, -6.313680",Rosin Power,'Liffey Swim',"Navan Road, Ashtown, Dublin 15.",Cabra - Glasnevin,2017,2. Painted Over,https://www.dublincanvas.com/dublin-canvas-artist-profiles/rosin-power,
Dublin City Council,53.33156,-6.278821,"53.331560, -6.278821",Ciana Spelman,'Hamsas in Heaven',"South Circular Road, Griffith Road, Dublin 8",South West Inner City,2019,2. Painted Over,https://www.dublincanvas.com/dublin-canvas-artist-profiles/ciana-spelman,
Dublin City Council,53.339379,-6.320103,"53.339379, -6.320103",Juliette Viode,'Go Nuts',Emmett Road - Inchicore - Dublin 8,South West Inner City,2019,2. Painted Over,https://www.dublincanvas.com/dublin-canvas-artist-profiles/juliette-viode-4,
Dublin City Council,53.316252,-6.316962,"53.316252, -6.316962",Rebecca Deegan,'Brighede & The Caileach',"St Agnes Church, Crumlin, Dublin 12.",South West Inner City,2019,2. Painted Over,https://www.dublincanvas.com/dublin-canvas-artist-profiles/rebecca-deegan-3,
Dublin City Council,53.343301,-6.281352,"53.343301, -6.281352",Sinead O'Connor,'Bloom',"Bridgefoot Street/Thomas Street, The Liberties, Dublin 8",South West Inner City,2019,2. Painted Over,https://www.dublincanvas.com/dublin-canvas-artist-profiles/sinead-oconnor,
Dublin City Council,53.367487,-6.272603,"53.367487, -6.272603",Mandy Leeson,'Hello Cabra',"Church of the Most Precious Blood, Faussagh Avenue, Cabra West, Dublin 7.",Cabra - Glasnevin,2020,2. Painted Over,https://www.dublincanvas.com/dublin-canvas-artist-profiles/mandy-leeson-2,
Dublin City Council,53.333135,-6.32935,"53.333135, -6.329350",Eva Kelly,'Birds of a Feather',"Bluebell Road, Naas Road, 'The Gap', Bluebell, Dublin 12",South West Inner City,2018,2. Painted Over,https://www.dublincanvas.com/dublin-canvas-artist-profiles/eva-kelly,
Dublin City Council,53.33722,-6.286477,"53.337220, -6.286477",Laura Alloza,'Questions?',"Donore Avenue, Cork Street, Dublin 8.",South West Inner City,2020,2. Painted Over,https://www.dublincanvas.com/dublin-canvas-artist-profiles/laura-alloza,
Dublin City Council,53.343146,-6.276121,"53.343146, -6.276121",Eva Kelly,'Cycling Colour through the City',"Thomas Street - St Augustine Street, Dublin 8",South West Inner City,2018 - 2023,2. Painted Over,https://www.dublincanvas.com/dublin-canvas-artist-profiles/eva-kelly-4,
Dublin City Council,53.338685,-6.279458,"53.338685, -6.279458",Christina Geoghan,'Sunlit',"Cork Street/Ardee Street, Dublin 8",South West Inner City,2021,2. Painted Over,https://www.dublincanvas.com/dublin-canvas-artist-profiles/christina-geoghan,
Dublin City Council,53.337645,-6.251471,"53.337645, -6.251471",Garret Monahan,'Brighten a Dark Day',"Terenure Road North, Terenure, Dublin 6",Kimnage/Rathmines,2019,2. Painted Over,https://www.dublincanvas.com/dublin-canvas-artist-profiles/garret-monahan,
Dublin City Council,53.345632,-6.272374,"53.345632, -6.272374",Hugh Madden,'The Viking Holiday',"Inns Quay, Dublin",North Inner City,2015 - 2020,2. Painted Over,https://www.dublincanvas.com/dublin-canvas-artist-profiles/hugh-madden-3,
Dublin City Council,53.343599,-6.270056,"53.343599, -6.270056",Hugh Madden,'Handels Messiah',"Fishamble Street, Dublin 2",Southeast,2017,2. Painted Over,https://www.dublincanvas.com/dublin-canvas-artist-profiles/hugh-madden-5,
Dublin City Council,53.333294,-6.243296,"53.333294, -6.243296",Hugh Madden,'Pints & Poets',"Baggot Street Upper, Dublin 4.",Southeast,2015 - 2023,2. Painted Over,https://www.dublincanvas.com/dublin-canvas-artist-profiles/hugh-madden,
Dublin City Council,53.333301,-6.243345,"53.333301, -6.243345",Hugh Madden,'The Sheares Brother',"Fitzwilliam Street, Dublin 2",Southeast,2015 - 2019,2. Painted Over,https://www.dublincanvas.com/dublin-canvas-artist-profiles/hugh-madden-2,
Dublin City Council,53.341249,-6.22592,"53.341249, -6.225920",Hugh Madden,'Smock Alley',"Wood Quay, Dublin 2",Southeast,2017 - 2020,2. Painted Over,https://www.dublincanvas.com/dublin-canvas-artist-profiles/hugh-madden-6,
Dublin City Council,53.350047,-6.281766,"53.350047, -6.281766",Hugh Madden ,'Molly Malone',"Cavendish Row, Dublin 1",North Inner City,2016 - 2018,2. Painted Over,https://www.dublincanvas.com/dublin-canvas-artist-profiles/hugh-madden-10,
Dublin City Council,53.39008,-6.311429,"53.390080, -6.311429",Jennifer Harrington,'The Dublin Tarot',"Mellowes Road/Cardiffsbridge Road, Finglas, Dublin 11.",Northwest,2021,2. Painted Over,https://www.dublincanvas.com/dublin-canvas-artist-profiles/jennifer-harrington,
Dublin City Council,53.325184,-6.31736,"53.325184, -6.317360",Dr Valerie Tsang,'When Life Gives You Rain',"Crumlin Road/Kildare Road, Drimnagh Dublin 12",Kimnage/Rathmines,2017,2. Painted Over,https://www.dublincanvas.com/dublin-canvas-artist-profiles/dr-valerie-tsang,
Dublin City Council,53.381572,-6.175845,"53.381572, -6.175845",Jenny Cleary,"'Duva, the good wave'",Raheny Road - Train Station,North Central,2019,2. Painted Over,https://www.dublincanvas.com/dublin-canvas-artist-profiles/jenny-cleary-3,
Dublin City Council,53.357543,-6.251096,"53.357543, -6.251096",Jessica Molesini,Enchanted Trial,"North Circular Road/North Summer Street, Dublin 1. ",North Inner City,2024,2. Painted Over,https://www.dublincanvas.com/dublin-canvas-artist-profiles/jessica-molesini-046db,
Dublin City Council,53.330037,-6.298305,"53.330037, -6.298305",John Hoban,'Peace & Love',"Sundrive Road, Crumlin Road, Dublin 12",Kimnage/Rathmines,2017 - 2021,2. Painted Over,https://www.dublincanvas.com/dublin-canvas-artist-profiles/john-hoban,
Dublin City Council,53.35294,-6.268381,"53.352940, -6.268381",Pawel Jasinski,'Lady on Bike',"Dominick Street/Dorset Street, Dublin 1",North Inner City,2018 - 2023,2. Painted Over,https://www.dublincanvas.com/dublin-canvas-artist-profiles/pawel-jasinski-2,
Dublin City Council,53.325975,-6.265031,"53.325975, -6.265031",Pawel Jasinski,'Dublin By Night',"Rathmines Road, Rathmines, Dublin 6",Kimnage/Rathmines,2018,2. Painted Over,https://www.dublincanvas.com/dublin-canvas-artist-profiles/pawel-jasinski,
Dublin City Council,53.357479,-6.257016,"53.357479, -6.257016",Holly Furey,'Dublin By Lamplight',"Mountjoy Square East, Dublin 1",North Inner City,2019,2. Painted Over,https://www.dublincanvas.com/dublin-canvas-artist-profiles/holly-furey,
Dublin City Council,53.350623,-6.241176,"53.350623, -6.241176",Adri Furim,'Know by Heart',"Seville Place, Northwall, Dublin 1",North Inner City,2018 - 2019,2. Painted Over,https://www.dublincanvas.com/dublin-canvas-artist-profiles/adri-furim,
Dublin City Council,53.349102,-6.241074,"53.349102, -6.241074",Anna Entrambasaguas,'Off the Rails',"Mayor Street/Guild Street, Dublin 1",North Inner City,2018 - 2021,2. Painted Over,https://www.dublincanvas.com/dublin-canvas-artist-profiles/anna-entrambasaguas-2,
Dublin City Council,53.349842,-6.27983,"53.349842, -6.279830",Antonio De Dios,'Hands',"Queens Street, Smithfield, Dublin 7",North Inner City,2016 - 2021,2. Painted Over,https://www.dublincanvas.com/dublin-canvas-artist-profiles/antonio-de-dios,
Dublin City Council,53.348302,-6.251681,"53.348302, -6.251681",Ariyana Ahmad,'The Girls are Back in Town',"Custom House Quay, Dublin 1.",North Inner City,2015 - 2018,2. Painted Over,https://www.dublincanvas.com/dublin-canvas-artist-profiles/ariyana-ahmad,
Dublin City Council,53.352304,-6.243491,"53.352304, -6.243491",Ariyana Ahmad,'Oriel',"Oriel Street/Seville Street, Dublin 3",North Inner City,2016 - 2018,2. Painted Over,https://www.dublincanvas.com/dublin-canvas-artist-profiles/ariyana-ahmad-2,
Dublin City Council,53.350539,-6.241088,"53.350539, -6.241088",Ariyana Ahmad,'Have a Cup of Dreams',"Seville Place/ Guild Street, Dublin 3",North Inner City,2016 - 2019,2. Painted Over,https://www.dublincanvas.com/dublin-canvas-artist-profiles/ariyana-ahmad-3,
Dublin City Council,53.347163,-6.280133,"53.347163, -6.280133",Artur Labuz,'Lovin Dublin',"Queen Street, Dublin 1",North Inner City,2015 - 2017,2. Painted Over,https://www.dublincanvas.com/dublin-canvas-artist-profiles/artur-labuz,
Dublin City Council,53.360846,-6.27271,"53.360846, -6.272710",Brian John Spencer,"'Dublin, a perfect museum of Georgian art'","North Circular Rd/Phibsborough Rd, Dublin 5",North Inner City,2017 - 2022,2. Painted Over,https://www.dublincanvas.com/dublin-canvas-artist-profiles/brian-john-spencer,
Dublin City Council,53.351107,-6.269967,"53.351107, -6.269967",Bridget Ni Dhuinn Belcher,'The City Fox',"Bolton Street, Dublin 7",North Inner City,2015 - 2017,2. Painted Over,https://www.dublincanvas.com/dublin-canvas-artist-profiles/bridget-ni-dhuinn-belcher,
Dublin City Council,53.350205,-6.274361,"53.350205, -6.274361",Carlos Anazco,'Good Morning Dublin',North King Street/Church Street,North Inner City,2016 - 2020,2. Painted Over,https://www.dublincanvas.com/dublin-canvas-artist-profiles/carlos-anazco,
Dublin City Council,53.351091,-6.270002,"53.351091, -6.270002",Carylle Sanchez,'Let the Colour Splash',"Bolton Street, Dublin 1",North Inner City,2017 - 2021,2. Painted Over,https://www.dublincanvas.com/dublin-canvas-artist-profiles/carylle-sanchez,
Dublin City Council,53.352434,-6.284031,"53.352434, -6.284031",Cathal McCoy,'Batterbricks',"Manor Street, Stoneybatter, Dublin 7.",North Inner City,2015 - 2020,2. Painted Over,https://www.dublincanvas.com/dublin-canvas-artist-profiles/cathal-mccoy-4,
Dublin City Council,53.360402,-6.267585,"53.360402, -6.267585",Chris Craig,'Lucky Cookie',"Mountjoy Garda Station, North Circular Road, Dublin 3.",North Inner City,2016 - 2021,2. Painted Over,https://www.dublincanvas.com/dublin-canvas-artist-profiles/chris-craig,
Dublin City Council,53.350508,-6.280972,"53.350508, -6.280972",Ciana Spelman,'Buddha in Blue',"Brunswick Street, Stoneybatter, Dublin 7",North Inner City,2020,2. Painted Over,https://www.dublincanvas.com/dublin-canvas-artist-profiles/ciana-spelman-2,
Dublin City Council,53.346131,-6.268032,"53.346131, -6.268032",Colin Mc Ginley,'Dublin Characters',"Capel Street, Dublin 1.",North Inner City,2016 - 2023,2. Painted Over,https://www.dublincanvas.com/dublin-canvas-artist-profiles/colin-mc-ginley,
Dublin City Council,53.349445,-6.253449,"53.349445, -6.253449",Danielle Townsend,'Errors are for Discovery',Gardiner Street Lower (Custom House) Dublin 1,North Inner City,2015 - 2018,2. Painted Over,https://www.dublincanvas.com/dublin-canvas-artist-profiles/danielle-townsend,
Dublin City Council,53.348032,-6.247812,"53.348032, -6.247812",Emmalene Blake,'Freddie',"Sean O Casey Bridge, Dublin 1",North Inner City,2018 - 2021,2. Painted Over,https://www.dublincanvas.com/dublin-canvas-artist-profiles/emmalene-blake-6,
Dublin City Council,53.347925,-6.245985,"53.347925, -6.245985",Eoin Barry,'Gra',"North Wall Quay, Dublin 1.",North Inner City,2015 - 2020,2. Painted Over,https://www.dublincanvas.com/dublin-canvas-artist-profiles/eoin-barry-2,
Dublin City Council,53.347044,-6.282486,"53.347044, -6.282486",Felipe Muller,'Be Careful What You are Looking At!',"Johns Street, Dublin 7",North Inner City,2016 - 2021,2. Painted Over,https://www.dublincanvas.com/dublin-canvas-artist-profiles/felipe-muller,
Dublin City Council,53.347596,-6.241081,"53.347596, -6.241081",Francis Quinn,'A Gordian Knot in Space',"Church Street, Dublin 7",North Inner City,2015 - 2017,2. Painted Over,https://www.dublincanvas.com/dublin-canvas-artist-profiles/francis-quinn,
Dublin City Council,53.347596,-6.241081,"53.347596, -6.241081",Hannagh Mc Donagh,'Phantasmagorical',"Samuel Beckett Bridge, Northwall Quay, Dublin 1.",North Inner City,2015 - 2017,2. Painted Over,https://www.dublincanvas.com/dublin-canvas-artist-profiles/hannah-mc-donagh,
Dublin City Council,53.34588,-6.275743,"53.345880, -6.275743",James O'Brien,'Multiculturalism',"1 Arran Quay, Dublin",North Inner City,2015 - 2020,2. Painted Over,https://www.dublincanvas.com/dublin-canvas-artist-profiles/james-obrien,
Dublin City Council,53.358309,-6.254774,"53.358309, -6.254774",John Braine,'Careful Now',"Amiens Street/Buckingham Street, Dublin 1",North Inner City,2016 - 2018,2. Painted Over,https://www.dublincanvas.com/dublin-canvas-artist-profiles/john-braine,
Dublin City Council,53.350508,-6.280972,"53.350508, -6.280972",Karen Harte,'Everything Grows with Love',"Brunswick Street, Stoneybatter, Dublin 7",North Inner City,2018 - 2020,2. Painted Over,https://www.dublincanvas.com/dublin-canvas-artist-profiles/karen-harte,
Dublin City Council,53.355836,-6.287752,"53.355836, -6.287752",Kevin O Brien,'Cairbre the Lion',"Prussia Street/Stoneybatter, Dublin 7",North Inner City,2018 - 2023,2. Painted Over,https://www.dublincanvas.com/dublin-canvas-artist-profiles/kevin-o-brien,
Dublin City Council,53.347163,-6.280133,"53.347163, -6.280133",Lanni Power,'Philo',"Queen Street, Dublin 1",North Inner City,2017 - 2021,2. Painted Over,https://www.dublincanvas.com/dublin-canvas-artist-profiles/lanni-power,
Dublin City Council,53.36491,-6.308292,"53.364910, -6.308292",Maria Castillo,'Deer Dance',"Navan Road/Nephin Road, Dublin 7.",North Inner City,2016 - 2020,2. Painted Over,https://www.dublincanvas.com/dublin-canvas-artist-profiles/maria-castillo-2,
Dublin City Council,53.359227,-6.258526,"53.359227, -6.258526",Martina Gleeson,'TREAT YO'SELF',"Sherard Street, Dublin 1",North Inner City, 2017 - 2022,2. Painted Over,https://www.dublincanvas.com/dublin-canvas-artist-profiles/martina-gleeson,
Dublin City Council,53.359034,-6.262069,"53.359034, -6.262069",Niamh Coffey,'Tongue Tied',Synotts Place/Dorset Street Dublin 1,North Inner City,2017 - 2019,2. Painted Over,https://www.dublincanvas.com/dublin-canvas-artist-profiles/niamh-coffey,
Dublin City Council,53.347777,-6.291911,"53.347777, -6.291911",Niamh Ni Bhroin,'Park Life',"Parkgate Street, Dublin 1",North Inner City,2017 - 2020,2. Painted Over,https://www.dublincanvas.com/dublin-canvas-artist-profiles/niamh-ni-bhroin,
Dublin City Council,53.357544,-6.264028,"53.357544, -6.264028",Oleg Brazhnyk,'Home is in Your Chest',"Eccles Street, Dublin 1",North Inner City,2017 - 2020,2. Painted Over,https://www.dublincanvas.com/dublin-canvas-artist-profiles/oleg-brazhnyk,
Dublin City Council,53.347944,-6.246282,"53.347944, -6.246282",Peter Byrne,'Funfair-Carnival box',"North Wall Quay, Dublin 1",North Inner City,2015 - 2020,2. Painted Over,https://www.dublincanvas.com/dublin-canvas-artist-profiles/peter-byrne,
Dublin City Council,53.34866,-6.282067,"53.348660, -6.282067",Rebecca Walsh,'Mapped Out',"Blackhall Place, Dublin 7",North Inner City,2015 - 2017,2. Painted Over,https://www.dublincanvas.com/dublin-canvas-artist-profiles/rebecca-walsh,
Dublin City Council,53.347022,-6.270472,"53.347022, -6.270472",Robert Mirolo,'Coffee Pals',"Mary's Lane, Dublin 1",North Inner City,2015 - 2017,2. Painted Over,https://www.dublincanvas.com/dublin-canvas-artist-profiles/robert-mirolo,
Dublin City Council,53.353054,-6.255919,"53.353054, -6.255919",Sarah Bracken,'McGregor',"Sean Mac Dermot Street, Gardiner Street, Dublin 1.",North Inner City,2017 - 2019,2. Painted Over,https://www.dublincanvas.com/dublin-canvas-artist-profiles/sarah-bracken-2,
Dublin City Council,53.357063,-6.249646,"53.357063, -6.249646",Sarah Dunne,'There is no such thing as bad publicity except your own obituary',"Summerhill Parade, Dublin 1",North Inner City,2016 - 2018,2. Painted Over,https://www.dublincanvas.com/dublin-canvas-artist-profiles/sarah-dunne,
Dublin City Council,53.350161,-6.273941,"53.350161, -6.273941",Sarah K. Ryan,'EQUALITY',"Church Street Upper, Dublin 7",North Inner City,2016 - 2020,2. Painted Over,https://www.dublincanvas.com/dublin-canvas-artist-profiles/sarah-k-ryan,
Dublin City Council,53.347925,-6.245985,"53.347925, -6.245985",Sek One,Angle Fish',"North Wall Quay, Dublin 1.",North Inner City,2020,2. Painted Over,https://www.dublincanvas.com/dublin-canvas-artist-profiles/sek-one,
Dublin City Council,53.361077,-6.240481,"53.361077, -6.240481",Shane Ha,'Electric Riding Hood',"Poplar Row/Anmesley Street, Dublin 3",North Inner City,2018 - 2019 ,2. Painted Over,https://www.dublincanvas.com/dublin-canvas-artist-profiles/shane-ha-2,
Dublin City Council,53.352899,-6.248697,"53.352899, -6.248697",Shane O' Donoghue,'Flying High',"Amiens Street/Buckingham Street, Dublin 1",North Inner City,2018 - 2020,2. Painted Over,https://www.dublincanvas.com/dublin-canvas-artist-profiles/shane-o-donoghue,
Dublin City Council,53.352899,-6.248697,"53.352899, -6.248697",Shane O' Donoghue,'Flying High',"Amiens Street/Buckingham Street, Dublin 1",North Inner City,2018 - 2020,2. Painted Over,https://www.dublincanvas.com/dublin-canvas-artist-profiles/shane-o-donoghue,
Dublin City Council,53.381051,-6.239192,"53.381051, -6.239192",Eva Reddy,Meet you at the Bingo,Grace Park Road/Collins Avenue,North Central,2018,2. Painted Over,https://www.dublincanvas.com/dublin-canvas-artist-profiles/eva-reddy,
Dublin City Council,53.397273,-6.244945,"53.397273, -6.244945",Aaron Delaney (AD Spray Paint Art),'Breaking Through',Santry Ave Swords Road,North Central,2017 - 2022,2. Painted Over,https://www.dublincanvas.com/dublin-canvas-artist-profiles/aaron-delaney-ad-spray-paint-art-2,
Dublin City Council,53.397273,-6.244945,"53.397273, -6.244945",Aaron Delaney (AD Spray Paint Art),'Breaking Through',Santry Ave Swords Road,North Central,2017 - 2022,2. Painted Over,https://www.dublincanvas.com/dublin-canvas-artist-profiles/aaron-delaney-ad-spray-paint-art-2,
Dublin City Council,53.346741,-6.272735,"53.346741, -6.272735",Steven Nour,'Fade to Grey' ,"Greek Street/Chancery Place, Dublin 1",North Inner City,2015 - 2021,2. Painted Over,https://www.dublincanvas.com/dublin-canvas-artist-profiles/steven-nour,
Dublin City Council,53.348048,-6.247814,"53.348048, -6.247814",Sue Ann Moore,'Soul Music',"North Wall Quay, Dublin 1",North Inner City,2017 - 2019,2. Painted Over,https://www.dublincanvas.com/dublin-canvas-artist-profiles/sue-ann-moore,
Dublin City Council,53.358676,-6.273241,"53.358676, -6.273241",Vinicius Bustamante,'Happy?',"Phibsboro Road, Phibsboro, Dublin 3",North Inner City,2017 - 2023,2. Painted Over,https://www.dublincanvas.com/dublin-canvas-artist-profiles/vinicius-bustamante,
Dublin City Council,53.353048,-6.256072,"53.353048, -6.256072",Emmalene Blake,'Kelly Harrington',"Summer Street North/North Circular Road, Dublin 3",North Inner City,2019,2. Painted Over,https://www.dublincanvas.com/dublin-canvas-artist-profiles/emmalene-blake-5,
Dublin City Council,53.356957,-6.232683,"53.356957, -6.232683",Shane Ha,'Staylit',"Church Road - East Wall Road, Eastwall, Dublin 3",North Inner City,2019,2. Painted Over,https://www.dublincanvas.com/dublin-canvas-artist-profiles/shane-ha-5,
Dublin City Council,53.352434,-6.284031,"53.352434, -6.284031",Joseph O Connor,'This is Cowtown',"Manor Street, Stoneybatter, Dublin 7.",North Inner City,2020,2. Painted Over,https://www.dublincanvas.com/dublin-canvas-artist-profiles/joseph-o-connor,
Dublin City Council,53.349296,-6.252146,"53.349296, -6.252146",Rachel Harbron,'Throwback',"Custom House Quay, Dublin 1",North Inner City,2018,2. Painted Over,https://www.dublincanvas.com/dublin-canvas-artist-profiles/rachel-harbron,
Dublin City Council,53.348345,-6.251667,"53.348345, -6.251667",Tracey O Callaghan,'Dolphin School',"Bedsford Street/Custom House, Dublin 1",North Inner City,2018,2. Painted Over,https://www.dublincanvas.com/dublin-canvas-artist-profiles/tracey-o-callaghan,
Dublin City Council,53.38245,-6.244557,"53.382450, -6.244557",Alessandra Ravida,'Still on the Yellow Brick Road',"Swords Road/Collins Ave (Outbound), Whitehall, Dublin 5",North Central,2016 - 2021,2. Painted Over,https://www.dublincanvas.com/dublin-canvas-artist-profiles/alessandra-ravid,
Dublin City Council,53.385687,-6.229028,"53.385687, -6.229028",Bex Sheridan,'The Phonenix',"Entrance to Beaumont Hospital, Dublin 5",North Central,2018 - 2021,2. Painted Over,https://www.dublincanvas.com/dublin-canvas-artist-profiles/bex-sheridan-2,
Dublin City Council,53.393051,-6.263776,"53.393051, -6.263776",Aprar Elawad & Andy Howell,Wild City',"Ballymun Road, Ballymun, Dublin 9",Northwest,2017 - 2022,2. Painted Over,https://www.dublincanvas.com/dublin-canvas-artist-profiles/aprar-elawad-andy-howell,
Dublin City Council,53.389867,-6.304126,"53.389867, -6.304126",Artur Labuz,'Lovin Finglas',"Mellowes Road, Finglas, Dublin 11",Northwest,2015 - 2021,2. Painted Over,https://www.dublincanvas.com/dublin-canvas-artist-profiles/artur-labuz-2,
Dublin City Council,53.36491,-6.308292,"53.364910, -6.308292",Ruth Campo,'Thank you All',"Navan Road/Nephin Road, Dublin 7.",Cabra - Glasnevin,2020,2. Painted Over,https://www.dublincanvas.com/dublin-canvas-artist-profiles/ruth-campo-2,
Dublin City Council,53.367546,-6.255429,"53.367546, -6.255429",Fernanda Carolina De Oliveira,'Ocean Flowers',"Botanic Ave/Drumcondra Rd, Drumcondra, Dublin 9",Cabra - Glasnevin,2016 - 2019,2. Painted Over,https://www.dublincanvas.com/dublin-canvas-artist-profiles/fernanda-carolina-de-oliveira,
Dublin City Council,53.361327,-6.290849,"53.361327, -6.290849",Conor Akin,'Street Owl',"Cabra Road/Annamore Road, Cabra, Dublin 7",Cabra - Glasnevin,2016 - 2020,2. Painted Over,https://www.dublincanvas.com/dublin-canvas-artist-profiles/conor-akin,
Dublin City Council,53.361772,-6.298729,"53.361772, -6.298729",Pablo Pineda-Vadillo,DUBLIN ISÖ',"Navan Road/Cabra Road, Dublin 7",Cabra - Glasnevin,2016 - 2021,2. Painted Over,https://www.dublincanvas.com/dublin-canvas-artist-profiles/pablo-pineda-vadillo-2,
Dublin City Council,53.360774,-6.182258,"53.360774, -6.182258",Bymier House,'The Wooden Bridge',"Wooden Bridge, Clontarf Road, Dublin 3",North Central,2017 - 2021,2. Painted Over,https://www.dublincanvas.com/dublin-canvas-artist-profiles/bymier-house,
Dublin City Council,53.360335,-6.209758,"53.360335, -6.209758",Claire O'Hagan,'Awe',"Castle Avenue, Clontarf Road, Dublin 3",North Central,2017 - 2021,2. Painted Over,https://www.dublincanvas.com/dublin-canvas-artist-profiles/claire-ohagan,
Dublin City Council,53.379919,-6.210415,"53.379919, -6.210415",Conor Breen,Lookout',"Malahide Road/Kilmore, Road, Artane, Dublin 9",North Central,2017 - 2023,2. Painted Over,https://www.dublincanvas.com/dublin-canvas-artist-profiles/conor-breen,
Dublin City Council,53.358576,-6.189937,"53.358576, -6.189937",Ellen Webb,'City Tripping',"Conquer Hill Road, Clontarf, Dublin 3",North Central,2017 - 2019,2. Painted Over,https://www.dublincanvas.com/dublin-canvas-artist-profiles/ellen-webb,
Dublin City Council,53.386762,-6.201167,"53.386762, -6.201167",J.M Harper,'Joyce Box',"Malahide Road, Coolock Village, Dublin 5",North Central,2016 - 2023,2. Painted Over,https://www.dublincanvas.com/dublin-canvas-artist-profiles/j-m-harper,
Dublin City Council,53.366033,-6.223589,"53.366033, -6.223589",Jack Connolly,'3 Wise Foxes',"Copeland Avenue, Howth Road, Dublin 3",North Central,2017 - 2021,2. Painted Over,https://www.dublincanvas.com/dublin-canvas-artist-profiles/jack-connolly,
Dublin City Council,53.358952,-6.196087,"53.358952, -6.196087",Juliette Viode,'Biking Viking',"Vernon Avenue, Clontarf Road, Dublin 3",North Central,2019,2. Painted Over,https://www.dublincanvas.com/dublin-canvas-artist-profiles/juliette-viode-3,
Dublin City Council,53.363175,-6.221836,"53.363175, -6.221836",Kat Ennis,'Conquered Tide',"Conquer Hill, Clontarf Road, Dublin 3",North Central,2017 - 2020,2. Painted Over,https://www.dublincanvas.com/dublin-canvas-artist-profiles/kat-ennis,
Dublin City Council,53.374081,-6.16455,"53.374081, -6.164550",Katie Reynolds,'Fish out of Bowl',"Watermill Avenue, Clontarf Road, Dublin 3",North Central,2017 - 2020,2. Painted Over,https://www.dublincanvas.com/dublin-canvas-artist-profiles/katie-reynolds,
Dublin City Council,53.387456,-6.201193,"53.387456, -6.201193",Macker & J.M.Harpur,'Dog Box',"Main Street, Coolock Village, Dublin 5",North Central,2017 - 2020,2. Painted Over,https://www.dublincanvas.com/dublin-canvas-artist-profiles/macker-j-m-harpur,
Dublin City Council,53.358952,-6.196087,"53.358952, -6.196087",Marcin Kolorski,'Cruise with captain Nemo',"Vernon Avenue, Clontarf Road, Dublin 3",North Central,2017 - 2019,2. Painted Over,https://www.dublincanvas.com/dublin-canvas-artist-profiles/marcin-kolorski,
Dublin City Council,53.380081,-6.177502,"53.380081, -6.177502",Micheal Gaffney,'Raheny Water Pump',"Howth Road, Raheny Village, Dublin 5",North Central,2016 - 2021,2. Painted Over,https://www.dublincanvas.com/dublin-canvas-artist-profiles/micheal-gaffney-3,
Dublin City Council,53.38034,-6.172668,"53.380340, -6.172668",Micheal Gaffney,'Millennium Clock',"Howth Road, Raheny Village, Dublin 5",North Central,2016 - 2021,2. Painted Over,https://www.dublincanvas.com/dublin-canvas-artist-profiles/micheal-gaffney-2,
Dublin City Council,53.341339,-6.319339,"53.341339, -6.319339",Magda Kraszewska,'Cat & Mouse 2055',"Grattan Cresent, Inchicore, Dublin 12",South West Inner City,2016 - 2019,2. Painted Over,https://www.dublincanvas.com/dublin-canvas-artist-profiles/magda-kraszewska,
Dublin City Council,53.346093,-6.279883,"53.346093, -6.279883",Luke Fallon,'Bloom',Junction of Ballyfermot Rd and Le Fanu Rd (Fowlers Cross),Drimnagh Ballyfermot,2016 - 2020,2. Painted Over,https://www.dublincanvas.com/dublin-canvas-artist-profiles/luke-fallon,
Dublin City Council,53.342086,-6.307855,"53.342086, -6.307855",Georgina Smyth,'Glorious Greenery',"Junction of South Circular Rd and Old Kilmainham, Dublin 8.",South West Inner City,2016 - 2020,2. Painted Over,https://www.dublincanvas.com/dublin-canvas-artist-profiles/georgina-smyth,
Dublin City Council,53.348307,-6.342714,"53.348307, -6.342714",Debbie Chapman,'Deer Spotting',"Main Street, Chapelizod, Dublin 20",South West Inner City,2016 - 2021,2. Painted Over,https://www.dublincanvas.com/dublin-canvas-artist-profiles/debbie-chapman,
Dublin City Council,53.33859,-6.299602,"53.338590, -6.299602",Katie Callan,'Freedom',"South Circular Road, Brookefield Road, Dublin 8¬†",South West Inner City,2016 - 2021,2. Painted Over,https://www.dublincanvas.com/dublin-canvas-artist-profiles/katie-callan,
Dublin City Council,53.343511,-6.288109,"53.343511, -6.288109",Louise Rowland,'Bustle Behind the Gate',"James Street and Echlin Street, Dublin 8.",South West Inner City,2016 - 2021,2. Painted Over,https://www.dublincanvas.com/dublin-canvas-artist-profiles/louise-rowland,
Dublin City Council,53.339458,-6.321135,"53.339458, -6.321135",Maria Castillo,'I'll be the wings that keep your heart in the clouds',"Junction of Tyrconnell Rd (Outside Village Inn Pub), Inchicore, Dublin 12.",South West Inner City,2016 - 2021,2. Painted Over,https://www.dublincanvas.com/dublin-canvas-artist-profiles/maria-castillo-4,
Dublin City Council,53.343467,-6.274662,"53.343467, -6.274662",Emmalene Blake,'Rare Oul'Times',"High Street, Dublin 8",South West Inner City,2016 - 2023,2. Painted Over,https://www.dublincanvas.com/dublin-canvas-artist-profiles/emmalene-blake,
Dublin City Council,53.380417,-6.175412,"53.380417, -6.175412",Micheal Gaffney,'Georgian Door',"Howth Road, Raheny Village, Dublin 5",North Central,2016 - 2021,2. Painted Over,https://www.dublincanvas.com/dublin-canvas-artist-profiles/micheal-gaffney,
Dublin City Council,53.373268,-6.268617,"53.373268, -6.268617",Maria Castillo,'Garden Of Live Flowers',"Old Finglas Road/ Glasnevin Hill, Dublin 9",Cabra - Glasnevin,2016 - 2023,2. Painted Over,https://www.dublincanvas.com/dublin-canvas-artist-profiles/maria-castillo-3,
Dublin City Council,53.342091,-6.328215,"53.342091, -6.328215",Collete Whyette,'Howya',"Sarsfield Road, Ballyfermot, Dublin 12",Drimnagh Ballyfermot,2017 - 2020,2. Painted Over,https://www.dublincanvas.com/dublin-canvas-artist-profiles/collete-whyette,
Dublin City Council,53.363496,-6.234348,"53.363496, -6.234348",Rebecca Dolan,'Bram Stoker',"Fairview, Clontarf West, Dublin 3. ",North Central,2020,2. Painted Over,https://www.dublincanvas.com/dublin-canvas-artist-profiles/rebecca-dolan,
Dublin City Council,53.387279,-6.298413,"53.387279, -6.298413",Daisy & Tracey Dalton,'Ah go on',"Finglas Road/Well Mount Road, Finglas,",Northwest,2017 - 2022,2. Painted Over,https://www.dublincanvas.com/dublin-canvas-artist-profiles/daisy-tracey-dalton,
Dublin City Council,53.358607,-6.190017,"53.358607, -6.190017",Sandra Schoene,'Deep Dive Diva of Clontarf',"Conquer Hill, Clontarf Road, Dublin 3",North Central,2017 - 2021,2. Painted Over,https://www.dublincanvas.com/dublin-canvas-artist-profiles/sandra-schoene,
Dublin City Council,53.382328,-6.27633,"53.382328, -6.276330",Iljin,'Piece Unknown',"Ballygall Road East, Glasnevin. Dublin 9",Northwest,2016 - 2021,2. Painted Over,https://www.dublincanvas.com/dublin-canvas-artist-profiles/iljin-2,
Dublin City Council,53.389847,-6.305931,"53.389847, -6.305931",Jess Downey,'Test Card',"Mellowes Road, Finglas, Dublin 11",Northwest,2021,2. Painted Over,https://www.dublincanvas.com/dublin-canvas-artist-profiles/jess-downey,
Dublin City Council,53.390394,-6.28721,"53.390394, -6.287210",Kate Kavanagh,'Dancing Camellias',"Glasnevin Road/Beneavin Road, Dublin 11",Northwest,2018 - 2023,2. Painted Over,https://www.dublincanvas.com/dublin-canvas-artist-profiles/kate-kavanagh,
Dublin City Council,53.386936,-6.215027,"53.386936, -6.215027",Sinead Downes,'Strength of the Peacock',"Kilmore Road, Ardlea Road, Artane, Dublin 5",North Central,2018 - 2021,2. Painted Over,https://www.dublincanvas.com/dublin-canvas-artist-profiles/sinead-downes,
Dublin City Council,53.338685,-6.279458,"53.338685, -6.279458",Chiara Tallarini,'Penny Apples',"Meath Street/The Coombe, The Liberties, Dublin 8",South West Inner City,2017 - 2020,2. Painted Over,https://www.dublincanvas.com/dublin-canvas-artist-profiles/chiara-tallarini,
Dublin City Council,53.377683,-6.28748,"53.377683, -6.287480",Samuel Arnold,'Urban Foraging',"Old Finglas Rd/Finglas Rd, Dublin 11",Northwest,2017 - 2022,2. Painted Over,https://www.dublincanvas.com/dublin-canvas-artist-profiles/samuel-arnold,
Dublin City Council,53.388187,-6.182143,"53.388187, -6.182143",St Eithne's 2016 6th & Edel Ryan,'Roots of Edenmore',"Edenmore Park, Dublin 5",North Central,2016 - 2021,2. Painted Over,https://www.dublincanvas.com/dublin-canvas-artist-profiles/st-eithnes-2016-6th-edel-ryan,
Dublin City Council,53.340532,-6.307669,"53.340532, -6.307669",Lysette Golden,'Prince Bowie',"Kilmainham Village, South Circular Road, Dublin 8",South West Inner City,2017 - 2020,2. Painted Over,https://www.dublincanvas.com/dublin-canvas-artist-profiles/lysette-golden,
Dublin City Council,53.33722,-6.286477,"53.337220, -6.286477",Pablo Pineda-Vadillo,'Rainbow in Ireland',"Donore Avenue, Cork Street,",South West Inner City,2017 - 2020,2. Painted Over,https://www.dublincanvas.com/dublin-canvas-artist-profiles/pablo-pineda-vadillo,
Dublin City Council,53.341501,-6.297677,"53.341501, -6.297677",Aidan Kelly,'Lucky Cats',"Mount Browne, Kilmainham, Dublin 8",South West Inner City,2017 - 2020 ,2. Painted Over,https://www.dublincanvas.com/dublin-canvas-artist-profiles/aidan-kelly,
Dublin City Council,53.33423,-6.326539,"53.334230, -6.326539",Agnieszka Swierniak,'Puffin',Davitt Road/Landstown Valley Housing Estate/Drimagh,South West Inner City,2017 - 2021,2. Painted Over,https://www.dublincanvas.com/dublin-canvas-artist-profiles/agnieszka-swierniak,
Dublin City Council,53.389391,-6.264859,"53.389391, -6.264859",Shalom Chiaverini,'Summer Tales',"Ballymun Road/Glasnevin Avenue, Ballygall, Dublin 9",Northwest,2016 - 2021,2. Painted Over,https://www.dublincanvas.com/dublin-canvas-artist-profiles/shalom-chiaverini-3,
Dublin City Council,53.340659,-6.272423,"53.340659, -6.272423",Mikai Geronimo,'Stained Glass Flowers',"Patrick Street, Dublin 8",South West Inner City,2017 - 2021,2. Painted Over,https://www.dublincanvas.com/dublin-canvas-artist-profiles/mikai-geronimo,
Dublin City Council,53.342416,-6.347472,"53.342416, -6.347472",Hannagh Mc Donagh,'Face',"St Michaels School, Kylemore Road, Ballyfermot, Dublin",Drimnagh Ballyfermot,2017 - 2022,2. Painted Over,https://www.dublincanvas.com/dublin-canvas-artist-profiles/hannagh-mc-donagh,
Dublin City Council,53.337718,-6.353995,"53.337718, -6.353995",Karl Merry,'Californian Hills',"Le Fanu Road, Kylemore Road, Ballyfermot, Dublin 12.",Drimnagh Ballyfermot,2017 - 2022,2. Painted Over,https://www.dublincanvas.com/dublin-canvas-artist-profiles/karl-merry,
Dublin City Council,53.343051,-6.349023,"53.343051, -6.349023",Shane Ha,'Disco Tree',"Kylemore Road, Ballyfermot Road, Dublin 12.",Drimnagh Ballyfermot,2017 - 2023,2. Painted Over,https://www.dublincanvas.com/dublin-canvas-artist-profiles/shane-ha,
Dublin City Council,53.344168,-6.276179,"53.344168, -6.276179",Stephen Doyle,'Claddagh Doll',"Lower Bridge Street Upper/Cook Street, Dublin 8",South West Inner City,2017 - 2023,2. Painted Over,https://www.dublincanvas.com/dublin-canvas-artist-profiles/stephen-doyle,
Dublin City Council,53.348312,-6.308386,"53.348312, -6.308386",Tracey O Callaghan,Bugs',"Chapelizard/SCR, Pheonix Rd, Dublin 8",South West Inner City,2018 - 2019,2. Painted Over,https://www.dublincanvas.com/dublin-canvas-artist-profiles/tracey-o-callaghan-3,
Dublin City Council,53.321202,-6.255956,"53.321202, -6.255956",Nial Laverty,'Joyce',"Oakley Road/Dunville Avenue, Ranelagh, Dublin 6",Southeast,2018,2. Painted Over,https://www.dublincanvas.com/dublin-canvas-artist-profiles/nial-laverty,
Dublin City Council,53.327742,-6.264621,"53.327742, -6.264621",Aisling Grainger,'Psychedelic Efflorescence',"Rathmines Road, Rathmines, Dublin 6",Kimnage,2020,2. Painted Over,https://www.dublincanvas.com/dublin-canvas-artist-profiles/aisling-grainger-2,
Dublin City Council,53.326749,-6.26484,"53.326749, -6.264840",Anna Doran,'Hug Me Close',"Rathmines Road, Dublin 6",Kimnage/Rathmines,2015 - 2017,2. Painted Over,https://www.dublincanvas.com/dublin-canvas-artist-profiles/anna-doran,
Dublin City Council,53.339705,-6.246602,"53.339705, -6.246602",Emily Kouri,'The Birds and the Bee's',"Merrion Square North, Dublin 2",Southeast,2017,2. Painted Over,https://www.dublincanvas.com/dublin-canvas-artist-profiles/emily-kouri,
Dublin City Council,53.311983,-6.274568,"53.311983, -6.274568",Dave Madigan,Streetscape,"Highfield Road, Orwell Road, Rathgar, Dublin 6",Southeast,2018,2. Painted Over,https://www.dublincanvas.com/dublin-canvas-artist-profiles/dave-madigan,
Dublin City Council,53.338074,-6.269251,"53.338074, -6.269251",Nikki Kelly,'Dracula',Kevin Street/New Bride Street. Dublin 2,Southeast,2019,2. Painted Over,https://www.dublincanvas.com/dublin-canvas-artist-profiles/nikki-kelly,
Dublin City Council,53.345674,-6.265036,"53.345674, -6.265036",Jack Field,'The Dice Man',"Eustace Street, Temple Bar, Dublin 2",Southeast,2018,2. Painted Over,https://www.dublincanvas.com/dublin-canvas-artist-profiles/jack-field-2,
Dublin City Council,53.322349,-6.23729,"53.322349, -6.237290",Fiona Aryan,'Fox on a Box',"Donnybrook Road, Donnybrook, Dublin 4.",Southeast,2016,2. Painted Over,https://www.dublincanvas.com/dublin-canvas-artist-profiles/fiona-aryan,
Dublin City Council,53.3276,-6.30917,"53.327600, -6.309170",Bernice Millar,'Tree of Light',"Junction of Crumlin Road/Iveagh Gardens, Crumlin, Dublin 12.",Kimnage/Rathmines,2016 - 2022,2. Painted Over,https://www.dublincanvas.com/dublin-canvas-artist-profiles/bernice-millar,
Dublin City Council,53.324829,-6.302015,"53.324829, -6.302015",Aoife Cusack,'Gnomes and Wheelies',"Kildare Road, Bangor Road, Dublin 12",Southeast,2018 - 2023,2. Painted Over,https://www.dublincanvas.com/dublin-canvas-artist-profiles/aoife-cusack,
Dublin City Council,53.34207,-6.250824,"53.342070, -6.250824",Beatrice Bencivenni,'There should be',"Lincoln Place/Westland Row, Dublin 2",Southeast,2016 - 2023,2. Painted Over,https://www.dublincanvas.com/dublin-canvas-artist-profiles/beatrice-bencivenni,
Dublin City Council,53.309559,-6.284862,"53.309559, -6.284862",Bex Sheridan,'With Joyce',"Greenlea Road, Tereure Road West, Dublin 6W",Kimnage/Rathmines,2017 - 2021,2. Painted Over,https://www.dublincanvas.com/dublin-canvas-artist-profiles/bex-sheridan,
Dublin City Council,53.324468,-6.295937,"53.324468, -6.295937",Conor Gillespie,Bigfoot,"Sundrive Rd, Stannaway, Dublin 12",Kimnage/Rathmines,2018 - 2021,2. Painted Over,https://www.dublincanvas.com/dublin-canvas-artist-profiles/conor-gillespie,
Dublin City Council,53.341159,-6.250754,"53.341159, -6.250754",Brendan Higgins,'Oscar Wilde',"Merrion Square West, Dublin 2",Southeast,2017 - 2020,2. Painted Over,https://www.dublincanvas.com/dublin-canvas-artist-profiles/brendan-higgins,
Dublin City Council,53.318543,-6.241996,"53.318543, -6.241996",Cathal Burke,'Rotharian Rhythm',"Eglinton Road, Milltown, Dublin 6",Southeast,2016 - 2021,2. Painted Over,https://www.dublincanvas.com/dublin-canvas-artist-profiles/cathal-burke,
Dublin City Council,53.33187,-6.264669,"53.331870, -6.264669",Cathal McCoy,'MolaBello',"Bernard Shaw, Camden Street, Dublin 2",Southeast,2017 - 2019,2. Painted Over,https://www.dublincanvas.com/dublin-canvas-artist-profiles/cathal-mccoy-2,
Dublin City Council,53.336203,-6.268976,"53.336203, -6.268976",Cathal McCoy,'Low Revolution',"Meath Street Hospital Entrance, Heytesbury Street, Portobello, Dublin 8. ",Southeast,2019 - 2019,2. Painted Over,https://www.dublincanvas.com/dublin-canvas-artist-profiles/cathal-mccoy-3,
Dublin City Council,53.345674,-6.265036,"53.345674, -6.265036",Cecilia Paramo Oritz,'Magpies at night',"Eustace Street, Temple Bar, Dublin 2",Southeast,2022 - 2024,2. Painted Over,https://www.dublincanvas.com/dublin-canvas-artist-profiles/cecilia-pramo-ortiz,
Dublin City Council,53.34216,-6.254526,"53.342160, -6.254526",Christine Harold,'I want a Dinosaur',"Nassau Street/Kildare Street, Dublin 2",Southeast,2016 - 2021,2. Painted Over,https://www.dublincanvas.com/dublin-canvas-artist-profiles/christine-harold,
Dublin City Council,53.3240981,-6.2797355,"53.3240981,-6.2797355",Claire Prouvost,Party Huns' Unit 1,"Fleet Street. Temple Bar, Dublin 2 Unit 2",Southeast,2019,2. Painted Over,https://www.dublincanvas.com/dublin-canvas-artist-profiles/claire-prouvost,
Dublin City Council,53.3240981,-6.2797355,"53.3240981,-6.2797355",Claire Prouvost,Party Huns' Unit 2,"Fleet Street. Temple Bar, Dublin 2 Unit 2",Southeast,2019,2. Painted Over,https://www.dublincanvas.com/dublin-canvas-artist-profiles/claire-prouvost,
Dublin City Council,53.320139,-6.315799,"53.320139, -6.315799",Lily & Ronan Coyle,'Phone box',"Crumlin Village, Crumlin, Dublin 12.",Kimnage/Rathmines,2016,2. Painted Over,https://www.dublincanvas.com/dublin-canvas-artist-profiles/lily-ronan-coyle,
Dublin City Council,53.342553,-6.293383,"53.342553, -6.293383",Nessa Finnegan,'Clouds of Blath',"Harolds Cross Road/Rathgar Avenue, Dublin 6.",Southeast,2018,2. Painted Over,https://www.dublincanvas.com/dublin-canvas-artist-profiles/nessa-finnegan-3,
Dublin City Council,53.346749,-6.255099,"53.346749, -6.255099",David Flynn,'Return of the Usher',"Tara Street, Dublin 2.",Southeast,2016 - 2019,2. Painted Over,https://www.dublincanvas.com/dublin-canvas-artist-profiles/david-flynn,
Dublin City Council,53.338236,-6.247758,"53.338236, -6.247758",Donna Mc Gee,'Poppy Corner',"29 Fitzwilliam Street Lower, Dublin",Southeast,2015 - 2017,2. Painted Over,https://www.dublincanvas.com/dublin-canvas-artist-profiles/donna-mc-gee,
Dublin City Council,53.330251,-6.260158,"53.330251, -6.260158",Eoin Barry,'Love Mor',"Canal Road, Ranelagh, Dublin 6.",Southeast,2015 - 2020,2. Painted Over,https://www.dublincanvas.com/dublin-canvas-artist-profiles/eoin-barry,
Dublin City Council,53.332505,-6.26835,"53.332505, -6.268350",Francesca Saunders,'Subaqueous Suburbia',"South Circular Road/Heytesbury Street, Portobello, Dublin 8",Southeast,2016 - 2019,2. Painted Over,https://www.dublincanvas.com/dublin-canvas-artist-profiles/francesca-saunders,
Dublin City Council,53.330651,-6.264423,"53.330651, -6.264423",Fuchsia MacAree,'Monday',"28-29 Richmond St, Dublin",Southeast,2015 - 2019,2. Painted Over,https://www.dublincanvas.com/dublin-canvas-artist-profiles/fuchsia-macaree,
Dublin City Council,53.328007,-6.264624,"53.328007, -6.264624",Harriet Sarah Jane Browne,'Behind the Leaves',"Rathmines Road, Dublin 6",Kimnage/Rathmines,2015 - 2017,2. Painted Over,https://www.dublincanvas.com/dublin-canvas-artist-profiles/harriet-sarah-jane-browne,
Dublin City Council,53.327742,-6.264621,"53.327742, -6.264621",Jack Field,'Philo',"Rathmines Road, Dublin 6",Kimnage/Rathmines,2017 - 2020,2. Painted Over,https://www.dublincanvas.com/dublin-canvas-artist-profiles/jack-field,
Dublin City Council,53.34701,-6.270522,"53.347010, -6.270522",Sheila Flaherty,Homage to Harry Clark',"Mary's Lane, Dublin 1",North Inner City,2017 - 2022,2. Painted Over,https://www.dublincanvas.com/dublin-canvas-artist-profiles/sheila-flaherty,
Dublin City Council,53.329944,-6.264215,"53.329944, -6.264215",Sheila Flaherty,'Queen of Heart',"Canal Road, Rathmines Road, Rathmines, Dublin 6",Southeast,2017 - 2020,2. Painted Over,https://www.dublincanvas.com/dublin-canvas-artist-profiles/sheila-flaherty-2,
Dublin City Council,53.344187,-6.267255,"53.344187, -6.267255",Iljin,'Molly',"Parliament Street, Temple Bar, Dublin 2",Southeast,2016 - 2020,2. Painted Over,https://www.dublincanvas.com/dublin-canvas-artist-profiles/iljin,
Dublin City Council,53.337703,-6.226372,"53.337703, -6.226372",Niall Maher,'Greetings from Dublin',"Bath Avenue/Londonbridge, Ringsend, D4",Southeast,2018,2. Painted Over,https://www.dublincanvas.com/dublin-canvas-artist-profiles/niall-maher,
Dublin City Council,53.341159,-6.250754,"53.341159, -6.250754",Sheila Flaherty,'The Danger was Half the Excitement',"Merrion Square West, Dublin 2.",Southeast,2016 - 2018,2. Painted Over,https://www.dublincanvas.com/dublin-canvas-artist-profiles/sheila-flaherty-3,
Dublin City Council,53.324141,-6.252325,"53.324141, -6.252325",Jennette Donnelley,'Wild Irish Rose',"Ranelagh Village, Dublin 6",Southeast,2015 - 2019,2. Painted Over,https://www.dublincanvas.com/dublin-canvas-artist-profiles/jennette-donnelley,
Dublin City Council,53.33861,-6.255386,"53.338610, -6.255386",Joanne Harold,'Heads or Tails',"Merrion Row, Dublin 2",Southeast,2016 - 2021,2. Painted Over,https://www.dublincanvas.com/dublin-canvas-artist-profiles/joanne-harold,
Dublin City Council,53.338637,-6.255404,"53.338637, -6.255404",Joanne Harold,Jellyfish',"Sandymount Strand, Sandymount, Dublin 4",Southeast,2017 - 2021,2. Painted Over,https://www.dublincanvas.com/dublin-canvas-artist-profiles/joanne-harold-3,
Dublin City Council,53.338679,-6.255612,"53.338679, -6.255612",John Conway,'Horseman',"Merrion Row, Dublin 2",Southeast,2015 - 2018,2. Painted Over,https://www.dublincanvas.com/dublin-canvas-artist-profiles/john-conway,
Dublin City Council,53.323917,-6.26549,"53.323917, -6.265490",Katie Lyons,'Muintir na Cathrach',"Rathmines Road, Dublin 6",Kimnage/Rathmines,2015 - 2019,2. Painted Over,https://www.dublincanvas.com/dublin-canvas-artist-profiles/katie-lyons,
Dublin City Council,53.341908,-6.252292,"53.341908, -6.252292",Juliana Cristina,'Lemonoyce',"Lincoln Place, Dublin 2",Southeast,2019,2. Painted Over,https://www.dublincanvas.com/dublin-canvas-artist-profiles/juliana-cristina,
Dublin City Council,53.332476,-6.25641,"53.332476, -6.256410",Juliette O'Brien,'Celtic Goddesses'," Fitzwilliam Street, Ringsend, Dublin 4",Southeast,2017 - 2018,2. Painted Over,https://www.dublincanvas.com/dublin-canvas-artist-profiles/juliette-obrien,
Dublin City Council,53.332443,-6.256341,"53.332443, -6.256341",Juliette O'Brien,'The Birds',"Adelaide Road, Harcourt Terrace, Dublin 2",Southeast,2018 - 2023,2. Painted Over,https://www.dublincanvas.com/dublin-canvas-artist-profiles/juliette-obrien-2,
Dublin City Council,53.329944,-6.264215,"53.329944, -6.264215",Kelsey Overbey,'Ah G'wandola',"Canal Road, Rathmines Road, Rathmines, Dublin 6.",Southeast,2020 - 2021,2. Painted Over,https://www.dublincanvas.com/dublin-canvas-artist-profiles/kelsey-overbey,
Dublin City Council,53.337645,-6.251471,"53.337645, -6.251471",Kim Bale,'Monty',"Baggot Street, Dublin 2",Southeast,2015 - 2018,2. Painted Over,https://www.dublincanvas.com/dublin-canvas-artist-profiles/kim-bale,
Dublin City Council,53.338166,-6.253648,"53.338166, -6.253648",Larissa Tamayoshi,'Standpoint',"Merrion Street Upper, Dublin 2",Southeast,2015 - 2017,2. Painted Over,https://www.dublincanvas.com/dublin-canvas-artist-profiles/larissa-tamayoshi,
Dublin City Council,53.32541,-6.265248,"53.325410, -6.265248",Learning Man,'Heavy Sea of Love',"141 Rathmines Road Lower, Dublin",Southeast,2015 - 2018,2. Painted Over,https://www.dublincanvas.com/dublin-canvas-artist-profiles/learning-man,
Dublin City Council,53.332722,-6.215944,"53.332722, -6.215944",Liing Heaney,'Dream Deeply',"Sandymount Road, Dublin 4.",Southeast,2015 - 2018,2. Painted Over,https://www.dublincanvas.com/dublin-canvas-artist-profiles/liing-heaney,
Dublin City Council,53.334327,-6.245736,"53.334327, -6.245736",Lorcan Murphy,'Ducks',"Wilton Terrace, Dublin 2",Southeast,2017 - 2021,2. Painted Over,https://www.dublincanvas.com/dublin-canvas-artist-profiles/lorcan-murphy,
Dublin City Council,53.33051,-6.260401,"53.330510, -6.260401",Lydia Hughes,'Swanning Along',"Charlemont Street, Barge Bar, Dublin 2",Southeast,2017 - 2019,2. Painted Over,https://www.dublincanvas.com/dublin-canvas-artist-profiles/lydia-hughes,
Dublin City Council,53.329972,-6.264201,"53.329972, -6.264201",Magda Cwik,'Happy Friday',"Canal Road, Rathmines Road, Rathmines, Dublin 6",Southeast,2016 - 2018,2. Painted Over,https://www.dublincanvas.com/dublin-canvas-artist-profiles/magda-cwik,
Dublin City Council,53.32884,-6.230665,"53.328840, -6.230665",Marianne O' Dwyer,'City Bio-diversity',"Ballsbridge, Dublin 4.",Southeast,2016 - 2021,2. Painted Over,https://www.dublincanvas.com/dublin-canvas-artist-profiles/marianne-o-dwyer,
Dublin City Council,53.325789,-6.296707,"53.325789, -6.296707",Mairead Doyle,'Singing in the Rain',"Sundrive Road, Clogher Road, Dublin 12",Kimnage/Rathmines,2018,2. Painted Over,https://www.dublincanvas.com/dublin-canvas-artist-profiles/mairead-doyle-2,
Dublin City Council,53.318618,-6.279135,"53.318618, -6.279135",Nessa Finnegan,"'Blaith, Blaith, Blaith'","James Street, Dublin 8",Southeast,2017 - 2020,2. Painted Over,https://www.dublincanvas.com/dublin-canvas-artist-profiles/nessa-finnegan-2,
Dublin City Council,53.332641,-6.215759,"53.332641, -6.215759",Zeljka Zupanic & Garreth Joyce,Zivjeli' ,"Sandymount Village, Dublin 4",Southeast,2018,2. Painted Over,https://www.dublincanvas.com/dublin-canvas-artist-profiles/garreth-joyce-2,
Dublin City Council,53.332563,-6.253278,"53.332563, -6.253278",Niamh Mc Cabe,'Life is but a Dream......',"Leeson Street/Fitzwilliam Place, Dublin 2",Southeast,2019,2. Painted Over,https://www.dublincanvas.com/dublin-canvas-artist-profiles/niamh-mc-cabe,
Dublin City Council,53.324141,-6.252325,"53.324141, -6.252325",Niamh Murray,'Spread Joy',"Sraid Charlemont, Saint Kevin's, Dublin 2",Southeast,2019 - 2022,2. Painted Over,https://www.dublincanvas.com/dublin-canvas-artist-profiles/niamh-murray,
Dublin City Council,53.338174,-6.253588,"53.338174, -6.253588",Niamh Ni Bhroin,'City Wildlife',"Merrion Street, Dublin 2",Southeast,2017 - 2021,2. Painted Over,https://www.dublincanvas.com/dublin-canvas-artist-profiles/niamh-ni-bhroin-2,
Dublin City Council,53.345644,-6.265022,"53.345644, -6.265022",Nicoletta Faltracco,'Starman meets the Blackstar',"Eustace Street, Temple Bar, Dublin 2",Southeast,2016 - 2018,2. Painted Over,https://www.dublincanvas.com/dublin-canvas-artist-profiles/nicoletta-faltracco,
Dublin City Council,53.330651,-6.264423,"53.330651, -6.264423",Owen De Forge,'Portobello Harbour',"Richmond Street, Portobello, Dublin 8.",Southeast,2019 - 2022,2. Painted Over,https://www.dublincanvas.com/dublin-canvas-artist-profiles/owen-de-forge,
Dublin City Council,53.344187,-6.267255,"53.344187, -6.267255",Paul Gabriel Lucaci,'A Taste of Home',"Parliament Street, Temple Bar, Dublin 2",Southeast,2020,2. Painted Over,https://www.dublincanvas.com/dublin-canvas-artist-profiles/paul-lucaci,
Dublin City Council,53.32489,-6.20696,"53.324890, -6.206960",Rebecca Deegan,'Balloon 'neath the Moon',"Sandymount Strand, Dublin 4",Southeast,2015 - 2017,2. Painted Over,https://www.dublincanvas.com/dublin-canvas-artist-profiles/rebecca-deegan,
Dublin City Council,53.335476,-6.265209,"53.335476, -6.265209",Ruan van Vliet,'I'm sticking With You',"Camden Street, Dublin 2",Southeast,2015 - 2017,2. Painted Over,https://www.dublincanvas.com/dublin-canvas-artist-profiles/ruan-van-vliet,
Dublin City Council,53.332563,-6.253278,"53.332563, -6.253278",Ruth Campo,'Growing',"Leeson Street/Fitzwilliam Place, Dublin 2.",Southeast,2016 - 2018,2. Painted Over,https://www.dublincanvas.com/dublin-canvas-artist-profiles/ruth-campo,
Dublin City Council,53.341159,-6.250754,"53.341159, -6.250754",Sarah Bracken,'Looking at the Stars',"Merrion Square West, Dublin 2",Southeast,2016 - 2018,2. Painted Over,https://www.dublincanvas.com/dublin-canvas-artist-profiles/sarah-bracken,
Dublin City Council,53.337519,-6.265793,"53.337519, -6.265793",Sarah Grogan,'Two For Joy',"Wexford Street/Kevin Street, Dublin 2",Southeast,2016 - 2019,2. Painted Over,https://www.dublincanvas.com/dublin-canvas-artist-profiles/sarah-grogan,
Dublin City Council,53.345265,-6.255159,"53.345265, -6.255159",Sarah Walsh,'Rhythm Culture',"Pearse Street - Tara Street, Dublin 2",Southeast,2016 - 2023,2. Painted Over,https://www.dublincanvas.com/dublin-canvas-artist-profiles/sarah-walsh,
Dublin City Council,53.33187,-6.264669,"53.331870, -6.264669",Shalom Chiaverini,'Musica on the Box',"Richmond Street, Dublin 8",Southeast,2015 - 2017,2. Painted Over,https://www.dublincanvas.com/dublin-canvas-artist-profiles/shalom-chiaverini,
Dublin City Council,53.332604,-6.264651,"53.332604, -6.264651",Siofra Murdock,'Urban Jungle',Harcourt Road/Camden Street,Southeast,2016 - 2019,2. Painted Over,https://www.dublincanvas.com/dublin-canvas-artist-profiles/siofra-murdock,
Dublin City Council,53.335499,-6.265264,"53.335499, -6.265264",Tammy Bradley,'Looking at the Stars',"Camden Street Lower, Dublin 8",Southeast,2017 - 2020,2. Painted Over,https://www.dublincanvas.com/dublin-canvas-artist-profiles/tammy-bradley,
Dublin City Council,53.384776,-6.142931,"53.384776, -6.142931",Tim Dalton,'Octopus in a Sardine Can',"Kilbarack Road Lower, Howth Road, Dublin 3",North Central,2017 - 2021,2. Painted Over,https://www.dublincanvas.com/dublin-canvas-artist-profiles/tim-dalton,
Dublin City Council,53.367082,-6.172605,"53.367082, -6.172605",Tracey Dalton,Due North / Due South,"Seaview Ave North, Clontarf Road, Dublin 3",North Central,2017 - 2020,2. Painted Over,https://www.dublincanvas.com/dublin-canvas-artist-profiles/tracey-dalton,
Dublin City Council,53.378889,-6.266918,"53.378889, -6.266918",Shalom Chiaverini,'Summer Tales',"Glasnevin Ave/Ballymun Road, Ballymun, Dublin.",Northwest,2016 - 2023,2. Painted Over,https://www.dublincanvas.com/dublin-canvas-artist-profiles/shalom-chiaverini-4,
Dublin City Council,53.395524,-6.264301,"53.395524, -6.264301",Vikram Venkaraman,'Dub - Man',"Balcurris Road, Ballymun, Dublin 11",Northwest,2015 - 2019,2. Painted Over,https://www.dublincanvas.com/dublin-canvas-artist-profiles/vikram-venkaraman,
Dublin City Council,53.388992,-6.298825,"53.388992, -6.298825",Emmalene Blake,'Christy',"Saint Canice's Church, Finglas Village, Dublin 11",Northwest,2018,2. Painted Over,https://www.dublincanvas.com/dublin-canvas-artist-profiles/emmalene-blake-3,
Dublin City Council,53.367487,-6.272603,"53.367487, -6.272603",Jan Sanchez,'Rustic Blues',"Prospect Avenue, Glasnven, Dublin 5",Cabra - Glasnevin,2017 - 2020,2. Painted Over,https://www.dublincanvas.com/dublin-canvas-artist-profiles/jan-sanchez,
Dublin City Council,53.361908,-6.286091,"53.361908, -6.286091",Samuel Arnold,'Dublin Lyric Lick',"Imaal Road/Cabra Road, Cabra, Dublin 7",Cabra - Glasnevin,2018 - 2022,2. Painted Over,https://www.dublincanvas.com/dublin-canvas-artist-profiles/samuel-arnold-2,
Dublin City Council,53.370772,-6.253848,"53.370772, -6.253848",Umberto Castillo and Mark Murray,'Living in a box . . . in it together',"Drumcondra - St Patrick's College, Drumcondra, Dublin 9.",North Central,2017 - 2019,2. Painted Over,https://www.dublincanvas.com/dublin-canvas-artist-profiles/umberto-castillo-and-mark-murray,
Dublin City Council,53.363943,-6.299014,"53.363943, -6.299014",Rebecca Deegan,'The Morigan',"Ratoath Road/Cabra West, Dublin 7",Cabra - Glasnevin,2018 - 2023,2. Painted Over,https://www.dublincanvas.com/dublin-canvas-artist-profiles/rebecca-deegan-2,
Dublin City Council,53.390112,-6.199819,"53.390112, -6.199819",Macker,'Flower Box',"Oscar Traynor Road, Coolock Village, Dublin 5",North Central,2017,2. Painted Over,https://www.dublincanvas.com/dublin-canvas-artist-profiles/macker,
Dublin City Council,53.383087,-6.213163,"53.383087, -6.213163",Shane Murray,'Banna Ceol Ard Aidhin',"Kilmore Road, Artane, Dublin 5",North Central,2018,2. Painted Over,https://www.dublincanvas.com/dublin-canvas-artist-profiles/shane-murray,
Dublin City Council,53.34623,-6.291518,"53.346230, -6.291518",Caroline Keane,'Luas Life',"Hueston Station, Dublin 8",South West Inner City,2018 - 2020,2. Painted Over,https://www.dublincanvas.com/dublin-canvas-artist-profiles/caroline-keane,
Dublin City Council,53.339136,-6.272824,"53.339136, -6.272824",Billy Fagan,Imelda May,"Dean Street, Dublin 8",South West Inner City,2018 - 2021,2. Painted Over,https://www.dublincanvas.com/dublin-canvas-artist-profiles/billy-fagan,
Dublin City Council,53.340695,-6.312619,"53.340695, -6.312619",Shane Ha,'Deep Forest',"Emmet Road , Inchicore, (college further education) Dublin 8.",South West Inner City,2018 - 2021,2. Painted Over,https://www.dublincanvas.com/dublin-canvas-artist-profiles/shane-ha-3,
Dublin City Council,53.336328,-6.273231,"53.336328, -6.273231",Holly Pereira,'Scarlet for your Ma',"New Street South, Dublin 8",South West Inner City,2018 - 2022,2. Painted Over,https://www.dublincanvas.com/dublin-canvas-artist-profiles/holly-pereira,
Dublin City Council,53.335967,-6.312339,"53.335967, -6.312339",Lucy Smyth,'Bird Lady',"Davitt Road/Benbulbin Road, Drimnagh, Dublin 12.",Drimnagh Ballyfermot,2018 - 2023,2. Painted Over,https://www.dublincanvas.com/dublin-canvas-artist-profiles/lucy-smyth,
Dublin City Council,53.338244,-6.281339,"53.338244, -6.281339",Esther Ni Dhonnacha,'The People Of Weavers Square',"Weavers Park, Cork Street, Dublin 8",South West Inner City,2018 - 2023,2. Painted Over,https://www.dublincanvas.com/dublin-canvas-artist-profiles/esther-n-dhonnacha,
Dublin City Council,53.340359,-6.284636,"53.340359, -6.284636",Tracey O Callaghan,'A Click of Mice',"Marrowbowlane, Dublin 8",South West Inner City,2018 - 2023,2. Painted Over,https://www.dublincanvas.com/dublin-canvas-artist-profiles/tracey-o-callaghan-2,
Dublin City Council,53.341501,-6.297677,"53.341501, -6.297677",Georgia Leavy,'Festival in the Rain',"Mount Browne, Kilmainham, Dublin 8",South West Inner City,2020 - 2021,2. Painted Over,https://www.dublincanvas.com/dublin-canvas-artist-profiles/georgia-leavy,
Dublin City Council,53.338685,-6.279458,"53.338685, -6.279458",Vinicius Bustamante,'Good Morning',"Meath Street/The Coombe, The Liberties, Dublin 8",South West Inner City,2020 - 2021,2. Painted Over,https://www.dublincanvas.com/dublin-canvas-artist-profiles/vini-bustamante,
Dublin City Council,53.34824,-6.301144,"53.348240, -6.301144",Pamela Byrne,'Fight or Flight',"Saint James, Islandbridge, Dublin.",South West Inner City,2020 - 2023,2. Painted Over,https://www.dublincanvas.com/dublin-canvas-artist-profiles/pamela-byrne,
Dublin City Council,53.324333,-6.295909,"53.324333, -6.295909",Aine Macken,One of our own',"Sundrive Road, Stannaway, Crumlin, Dublin 12",Kimnage/Rathmines,2020,3. Repaint 2025,https://www.dublincanvas.com/dublin-canvas-artist-profiles/aine-macken-3,
Dublin City Council,53.310466,-6.289771,"53.310466, -6.289771",Nessa Darcy,'Rove Beetle',"Templeogue Road, Terenure Road, Terenure, Dublin 6.",Kimnage/Rathmines,2017,3. Repaint 2025,https://www.dublincanvas.com/dublin-canvas-artist-profiles/nessa-darcy,
Dublin City Council,53.347777,-6.291911,"53.347777, -6.291911",Ciara Palmer,Eirigh le misneach agus brod - let us rise with courage and pride',"Parkgate Street, Dublin 1",South West Inner City,2021,3. Repaint 2025,https://www.dublincanvas.com/dublin-canvas-artist-profiles/ciara-palmer,
Dublin City Council,53.331997,-6.293515,"53.331997, -6.293515",Mairead Doyle,'Bee life!',"Crumlin Road/Parnell Road, Dublin 12",South West Inner City,2017,3. Repaint 2025,https://www.dublincanvas.com/dublin-canvas-artist-profiles/mairead-doyle,
Dublin City Council,53.336901,-6.306826,"53.336901, -6.306826",Claire Blackwell,'The Drimnagh Swim',"Suir Road LUAS Stop, Drimnagh.",South West Inner City,2018,3. Repaint 2025,https://www.dublincanvas.com/dublin-canvas-artist-profiles/clare-blackwell,
Dublin City Council,53.342307,-6.354669,"53.342307, -6.354669",Anne Marie McGrane,'Beauty is in the eye of the beholder',"AIB Ballyfermot Road, Ballyfermot, Dublin 12.",Drimnagh Ballyfermot,2019,3. Repaint 2025,https://www.dublincanvas.com/dublin-canvas-artist-profiles/anne-marie-mcgrane-4,
Dublin City Council,53.348203,-6.296479,"53.348203, -6.296479",Claire Blackwell,'Flora in the Phoenix Park',"Chesterfield Road, Phoneix Park, Dublin 8 Unit 1",North Inner City,2019,3. Repaint 2025,https://www.dublincanvas.com/dublin-canvas-artist-profiles/claire-blackwell,
Dublin City Council,53.348203,-6.296479,"53.348203, -6.296479",Claire Blackwell,'Flora in the Phoenix Park',"Chesterfield Road, Phoneix Park, Dublin 8 Unit 1",North Inner City,2019,3. Repaint 2025,https://www.dublincanvas.com/dublin-canvas-artist-profiles/claire-blackwell,
Dublin City Council,53.343875,-6.30828,"53.343875, -6.308280",Mark Philips,'Roam Free',"SCR Kilmainham, Islandbridge, Dublin 8",South West Inner City,2019,3. Repaint 2025,https://www.dublincanvas.com/dublin-canvas-artist-profiles/mark-philips,
Dublin City Council,53.370459,-6.306295,"53.370459, -6.306295",Darya Solomenko,'Bird of Peace',"St. Catherine's Infant School, Rotoath Road, Cabra, Dublin 7.",Cabra - Glasnevin,2022,3. Repaint 2025,https://www.dublincanvas.com/dublin-canvas-artist-profiles/darya-solomenko,
Dublin City Council,53.33393,-6.29917,"53.333930, -6.299170",Juliette O'Brien,'Journey',Dolphin Road - Herberton Road - Dublin 12,South West Inner City,2019,3. Repaint 2025,https://www.dublincanvas.com/dublin-canvas-artist-profiles/juliette-obrien-6,
Dublin City Council,53.3249933,-6.3211672,"53.3249933,-6.3211672",Paddy Wall,When the Cats Away',"Errigal Road/Drimnagh Road, Drimnagh, Dublin 12.",Drimnagh Ballyfermot,2020,3. Repaint 2025,https://www.dublincanvas.com/dublin-canvas-artist-profiles/paddy-wall,
Dublin City Council,53.342416,-6.347472,"53.342416, -6.347472",Geraldine Lane,'Enjoy yourself',"St Michaels School, Kylemore Road, Ballyfermot,Dublin.",Drimnagh Ballyfermot,2020,3. Repaint 2025,https://www.dublincanvas.com/dublin-canvas-artist-profiles/geraldine-lane,
Dublin City Council,53.347048,-6.291486,"53.347048, -6.291486",Ben Quinn,'Depart Luxury',Heuston Station - Dublin 8,South West Inner City,2020,3. Repaint 2025,https://www.dublincanvas.com/dublin-canvas-artist-profiles/ben-quinn,
Dublin City Council,53.346093,-6.279883,"53.346093, -6.279883",Clare Blackwell,'The DEAD',"Ushers Island, Dublin 8",South West Inner City,2020,3. Repaint 2025,https://www.dublincanvas.com/dublin-canvas-artist-profiles/clare-blackwell-3,
Dublin City Council,53.343511,-6.288109,"53.343511, -6.288109",Pamela Byrne,'Strife',"James Street/Echlin Street, Dublin 8.",South West Inner City,2021,3. Repaint 2025,https://www.dublincanvas.com/dublin-canvas-artist-profiles/pamela-byrne-2,
Dublin City Council,53.340659,-6.272423,"53.340659, -6.272423",Jess Downey,'Tiptoe to the Bayno',"Patrick Street, Dublin 8",South West Inner City,2022,3. Repaint 2025,https://www.dublincanvas.com/dublin-canvas-artist-profiles/jess-downey-0,
Dublin City Council,53.355832,-6.261013,"53.355832, -6.261013",Jenny Cleary,'Take my hand and we can go walking',"Temple Street, Dublin 1",North Inner City,2017,3. Repaint 2025,https://www.dublincanvas.com/dublin-canvas-artist-profiles/jenny-cleary,
Dublin City Council,53.373007,-6.209807,"53.373007, -6.209807",Jenny Cleary,Itís a Dogs Life',Collins Avenue East Dublin,North Central,2018,3. Repaint 2025,https://www.dublincanvas.com/dublin-canvas-artist-profiles/jenny-cleary-2,
Dublin City Council,53.374081,-6.16455,"53.374081, -6.164550",Jenny Cleary,'Under the Sea',"Watermill Avenue, Clontarf Road, Dublin 3",North Central,2020,3. Repaint 2025,https://www.dublincanvas.com/dublin-canvas-artist-profiles/jenny-cleary-4,
Dublin City Council,53.339142,-6.272834,"53.339142, -6.272834",Sara Maneiro Rey,'Where Magic Lies',"Dean Street, Dublin 8",South West Inner City,2023,3. Repaint 2025,https://www.dublincanvas.com/dublin-canvas-artist-profiles/sara-maneiro,
Dublin City Council,53.33156,-6.278821,"53.331560, -6.278821",Shona Beedall,'Generation Dream',"South Circular Road, Griffith Road, Dublin 8",South West Inner City,2023,3. Repaint 2025,https://www.dublincanvas.com/dublin-canvas-artist-profiles/shona-beedall-bc01e,
Dublin City Council,53.3842,-6.215751,"53.384200, -6.215751",Susan Crossan,Jinny Joe Junction,"Kilmore Road, Ardlea Road, Beaumount, Dublin 5 ",North Central,2020,3. Repaint 2025,https://www.dublincanvas.com/dublin-canvas-artist-profiles/susan-crossan,
Dublin City Council,53.390394,-6.28721,"53.390394, -6.287210",Liam Robinson,'Mickatees',"Glasnevin Avenue/Beneavin Road, Dublin 11",Northwest,2023,3. Repaint 2025,https://www.dublincanvas.com/dublin-canvas-artist-profiles/liam-robinson-52a4d,
Dublin City Council,53.396694,-6.264031,"53.396694, -6.264031",Robert Bowler,"'Setanta, The Hound of Cuchulainn'",Shangan Road - Ballymun - Dublin 9.,Northwest,2019,3. Repaint 2025,https://www.dublincanvas.com/dublin-canvas-artist-profiles/robert-bowler,
Dublin City Council,53.36813,-6.303748,"53.368130, -6.303748",Jessica Hayes,'Thomas Dudley',Ratoath Road - St Johns Park - Cabra - Dublin 7,Cabra - Glasnevin,2019,3. Repaint 2025,https://www.dublincanvas.com/dublin-canvas-artist-profiles/jessica-hayes,
Dublin City Council,53.371877,-6.266482,"53.371877, -6.266482",Joanne Harold,'Peeping from the Primulas',"Botanic Ave/St Mobhi Road, Dublin 5.",Cabra - Glasnevin,2016,3. Repaint 2025,https://www.dublincanvas.com/dublin-canvas-artist-profiles/joanne-harold-2,
Dublin City Council,53.347596,-6.241081,"53.347596, -6.241081",Cathal Craughwell,'Beckett',"Samuel Beckett Bridge, Dublin 1.",North Inner City,2017,3. Repaint 2025,https://www.dublincanvas.com/dublin-canvas-artist-profiles/cathal-craughwell,
Dublin City Council,53.3607,-6.26057,"53.360700, -6.260570",Clare O'Connor,'Snakes and Ladders',"Inishfallen Parade/Dorset Street, Dublin 3",North Inner City,2018,3. Repaint 2025,https://www.dublincanvas.com/dublin-canvas-artist-profiles/clare-oconnor,
Dublin City Council,53.347791,-6.243727,"53.347791, -6.243727",Clodagh Burke,'Colours',"Rosie Hackett Bridge, North City, Dublin 1.",North Inner City,2020,3. Repaint 2025,https://www.dublincanvas.com/dublin-canvas-artist-profiles/clodagh-burke,
Dublin City Council,53.34844,-6.279888,"53.348440, -6.279888",Raul Nuno,'Mi Friducha',"Blackhall Place/Queen Street, Dublin 7",North Inner City,2018,3. Repaint 2025,https://www.dublincanvas.com/dublin-canvas-artist-profiles/raul-nuno,
Dublin City Council,53.349842,-6.27983,"53.349842, -6.279830",Lily & Ronan Coyle,'Box Accordion',"Queens Street, Smithfield, Dublin 7",North Inner City,2020,3. Repaint 2025,https://www.dublincanvas.com/dublin-canvas-artist-profiles/ronan-coyle,
Dublin City Council,53.357485,-6.259759,"53.357485, -6.259759",Hannah Cuffe,'Georgian Door',Gardiner Street - Fatima House - Dublin 1,North Inner City,2019,3. Repaint 2025,https://www.dublincanvas.com/dublin-canvas-artist-profiles/hannah-cuffe,
Dublin City Council,53.362811,-6.239863,"53.362811, -6.239863",Ciara O'Neil,'The Trinity Knot',Philipsburgh - Fairview Strand - Dublin 3,North Inner City,2019,3. Repaint 2025,https://www.dublincanvas.com/dublin-canvas-artist-profiles/ciara-oneil,
Dublin City Council,53.348307,-6.254956,"53.348307, -6.254956",Juliette Viode,'The Lion and the Unicorn',Custom House Quay - Beresford Place - Dublin 1 Unit 1,North Inner City,2019,3. Repaint 2025,https://www.dublincanvas.com/dublin-canvas-artist-profiles/juliette-viode-7,
Dublin City Council,53.34588,-6.275743,"53.345880, -6.275743",Robert Bowler,'The Daughter of Lir',"Arran Quay, Dublin 1,",North Inner City,2020,3. Repaint 2025,https://www.dublincanvas.com/dublin-canvas-artist-profiles/robert-bowler-2,
Dublin City Council,53.35599,-6.248273,"53.355990, -6.248273",Evelyn Suttle,'Wild Pigeons',"Dunne Street, North Circular Road, Dublin 1",North Inner City,2016,3. Repaint 2025,https://www.dublincanvas.com/dublin-canvas-artist-profiles/evelyn-suttle,
Dublin City Council,53.359294,-6.245532,"53.359294, -6.245532",Fionnuala Halpin,'Welcome to Mud Island',"Ballybough Road, Ballybough, Dublin 3.",North Inner City,2016,3. Repaint 2025,https://www.dublincanvas.com/dublin-canvas-artist-profiles/fionnuala-halpin,
Dublin City Council,53.36148,-6.242456,"53.361480, -6.242456",Joe Collins,'Jacks are Wild',"Poplar Row, Dublin 3",North Inner City,2016,3. Repaint 2025,https://www.dublincanvas.com/dublin-canvas-artist-profiles/joe-collins,
Dublin City Council,53.33187,-6.264669,"53.331870, -6.264669",Clara Dudley,'Infinity City',"Bernard Shaw, Camden Street, Dublin 2",Southeast,2019,3. Repaint 2025,https://www.dublincanvas.com/dublin-canvas-artist-profiles/clara-dudley,
Dublin City Council,53.344187,-6.26614,"53.344187, -6.266140",Cathal Craughwell,'Einstein',"Dame Street - Palace Street, Dublin 2",Southeast,2018,3. Repaint 2025,https://www.dublincanvas.com/dublin-canvas-artist-profiles/cathal-craughwell-4,
Dublin City Council,53.317686,-6.209722,"53.317686, -6.209722",Kate Kavanagh,'Butterflies',"St. Vincent's Private Hospital, Merrion Road, Dublin 4",Southeast,2020,3. Repaint 2025,https://www.dublincanvas.com/dublin-canvas-artist-profiles/kate-kavanagh-4,
Dublin City Council,53.330319,-6.260087,"53.330319, -6.260087",Pradeep Mahadesthwar,'Faces - We are all in this Together',"Canal Road, Ranelagh Road, Rathmines, Dublin 6",Southeast,2020,3. Repaint 2025,https://www.dublincanvas.com/dublin-canvas-artist-profiles/pradeep-mahadesthwar,
Dublin City Council,53.338066,-6.24193,"53.338066, -6.241930",Ed Gar,'Urban Forest',Mount Street (verschoyle tunnel) Dublin 2,Southeast,2018,3. Repaint 2025,https://www.dublincanvas.com/dublin-canvas-artist-profiles/ed-gar,
Dublin City Council,53.318691,-6.212507,"53.318691, -6.212507",Pradeep Mahadesthwar,'The Faces',"Nutley Road, Merrion Road, Dublin 4",Southeast,2018,3. Repaint 2025,https://www.dublincanvas.com/dublin-canvas-artist-profiles/pradeep,
Dublin City Council,53.340604,-6.270059,"53.340604, -6.270059",Felisha Warton,'The Castle',"Bull Street/Bride Street, Dublin 2",Southeast,2019,3. Repaint 2025,https://www.dublincanvas.com/dublin-canvas-artist-profiles/felisha-warton,
Dublin City Council,53.337519,-6.265793,"53.337519, -6.265793",Gavin Feiritar,'Mixtape for Dublin',"Wexford Street/Kevin Street, Dublin 2",Southeast,2019,3. Repaint 2025,https://www.dublincanvas.com/dublin-canvas-artist-profiles/gavinfeiritea,
Dublin City Council,53.327862,-6.226951,"53.327862, -6.226951",Kate Kavanagh,'Fibonacci',"Merrion Road/Serpentine Ave, Dublin 4",Southeast,2019,3. Repaint 2025,https://www.dublincanvas.com/dublin-canvas-artist-profiles/kate-kavanagh-3,
Dublin City Council,53.338236,-6.247758,"53.338236, -6.247758",Luan Castilhos,'Good Morning Mr Magpie',"Fitzwilliam Street/ Merrion Square, Dublin 2",Southeast,2017,3. Repaint 2025,https://www.dublincanvas.com/dublin-canvas-artist-profiles/luan-castilhos,
Dublin City Council,53.345867,-6.254764,"53.345867, -6.254764",Anna Entrambasaguas,Bike it - Like It' Unit 1,Townsend Street/Tara Street outside Markiewicz Sport & Fitness Centre ,Southeast,2018,3. Repaint 2025,https://www.dublincanvas.com/dublin-canvas-artist-profiles/anna-entrambasaguas,
Dublin City Council,53.345867,-6.254764,"53.345867, -6.254764",Anna Entrambasaguas,Bike it - Like It' Unit 2 ,Townsend Street/Tara Street outside Markiewicz Sport & Fitness Centre ,Southeast,2018,3. Repaint 2025,https://www.dublincanvas.com/dublin-canvas-artist-profiles/anna-entrambasaguas,
Dublin City Council,53.338546,-6.238584,"53.338546, -6.238584",David Lee,'Proud',"Haddington Rd/Grand Canal St, Dublin 4",Southeast,2019,3. Repaint 2025,https://www.dublincanvas.com/dublin-canvas-artist-profiles/david-lee,
Dublin City Council,53.39008,-6.29814,"53.390080, -6.298140",Nessa Finnegan,'On the Other Hand',"Seamus Ennis Road/Jamestown Road, Finglas, Dublin 11.",Northwest,2015,3. Repaint 2025,https://www.dublincanvas.com/dublin-canvas-artist-profiles/nessa-finnegan,
Dublin City Council,53.373869,-6.243185,"53.373869, -6.243185",Sorcha Maguire,'Griffith Avenue' by Grace Park',"Grace Park Road /Griffith Avenue, Dublin 5",Northwest,2018,3. Repaint 2025,https://www.dublincanvas.com/dublin-canvas-artist-profiles/sorcha-maguire,
Dublin City Council,53.38638,-6.255015,"53.386380, -6.255015",Caroline Creagh,'College Caps',"Collins Avenue,Whitehall, Dublin",North Central,2018,3. Repaint 2025,https://www.dublincanvas.com/dublin-canvas-artist-profiles/caroline-creagh,
Dublin City Council,53.310327,-6.28187,"53.310327, -6.281870",Maria Castillo,'I'll be the wings that keep your heart in the clouds',"Terenure Road North/Terenure Road East, Terenure, Dublin 6W",Kimnage/Rathmines,2016,3. Repaint 2025,https://www.dublincanvas.com/dublin-canvas-artist-profiles/maria-castillo,
Dublin City Council,53.341128,-6.245328,"53.341128, -6.245328",Renata Metene,'A Heart in Bloom',"Grand Canal Street Lower, Dublin 2",Southeast,2017,3. Repaint 2025,https://www.dublincanvas.com/dublin-canvas-artist-profiles/renata-metene,
Dublin City Council,53.387666,-6.258468,"53.387666, -6.258468",Lauren Moore,'Doggy Positive',Collins Ave and Shanowen Road - Whitehall - Dublin 9,Northwest,2019,3. Repaint 2025,https://www.dublincanvas.com/dublin-canvas-artist-profiles/lauren-moore,
Dublin City Council,53.389442,-6.197706,"53.389442, -6.197706",Craig Grehan,'One More Square',Tonlegee Road - Malahide Road - Dublin 5,North Central,2019,3. Repaint 2025,https://www.dublincanvas.com/dublin-canvas-artist-profiles/craig-grehan,
Dublin City Council,53.334441,-6.255273,"53.334441, -6.255273",Mayu Sejima,'Georgian Door',"Leeson Street Upper, Dartmouth Rd, Dublin 6",Southeast,2018,3. Repaint 2025,https://www.dublincanvas.com/dublin-canvas-artist-profiles/mayu-sejima,
Dublin City Council,53.371886,-6.253097,"53.371886, -6.253097",Denis Prelevic,'Natures Eyes',"DCU, Drumcondra Road Upper, Drumcondra, Dublin 5.",North Central,2019,3. Repaint 2025,https://www.dublincanvas.com/dublin-canvas-artist-profiles/denis-prelevic,
Dublin City Council,53.398358,-6.243903,"53.398358, -6.243903",Esther Ni Dhonnacha,'The Dark Wood',"Santry Community Resource Centre - Swords Rd, Dublin 9",North Central,2019,3. Repaint 2025,https://www.dublincanvas.com/dublin-canvas-artist-profiles/esther-n-dhonnacha-2,
Dublin City Council,53.358576,-6.189937,"53.358576, -6.189937",Kate Escolin,'Strong Swimmer',"Conquer Hill Road, Clontarf, Dublin 3",North Central,2019,3. Repaint 2025,https://www.dublincanvas.com/dublin-canvas-artist-profiles/kate-escolin,
Dublin City Council,53.363789,-6.282544,"53.363789, -6.282544",Mandy Leeson,'James Joyce',"Fassaugh Rd/Dowth Road, Cabra, Dublin 7",Cabra - Glasnevin,2019,3. Repaint 2025,https://www.dublincanvas.com/dublin-canvas-artist-profiles/mandy-leeson,
Dublin City Council,53.380081,-6.177502,"53.380081, -6.177502",Clare Keane,"'When in Doubt, Pedal it Out!'","All Saints Road, Howth Road, Raheny Village, Dublin 5.",North Central,2020,3. Repaint 2025,https://www.dublincanvas.com/dublin-canvas-artist-profiles/clare-keane,
Dublin City Council,53.354725,-6.246632,"53.354725, -6.246632",Cathy Deegan,'There's an App for That',"Amiens Street/North Strand Road, Dublin 3.",North Inner City,2020,5. Removed,https://www.dublincanvas.com/dublin-canvas-artist-profiles/cathy-deegan,
Dublin City Council,53.352899,-6.248697,"53.352899, -6.248697",Juliette O'Brien,The Selkie of Dublin Bays,"Amiens Street/Buckingham Street, Dublin 1.",North Inner City,2020,5. Removed,https://www.dublincanvas.com/dublin-canvas-artist-profiles/juliette-obrien-9,
Dublin City Council,53.393051,-6.263776,"53.393051, -6.263776",Daniela Monza,'Taking Care of Planet Earth',"Ballymun Road, Ballymun, Dublin 9.",Northwest,2022,5. Removed,https://www.dublincanvas.com/dublin-canvas-artist-profiles/daniela-monza-7,
Dublin City Council,53.352899,-6.248697,"53.352899, -6.248697",Juliette O'Brien,The Selkie of Dublin Bays,"Amiens Street/Buckingham Street, Dublin 1.",North Inner City,2020,5. Removed,https://www.dublincanvas.com/dublin-canvas-artist-profiles/juliette-obrien-9,
Dublin City Council,53.358366,-6.241525,"53.358366, -6.241525",Rory Nolan,'NOT A STRAND OUT OF PLACE',"Saint Columbus School, Ballybough, Dublin 3",North Inner City,2021,5. Removed,https://www.dublincanvas.com/dublin-canvas-artist-profiles/rory-nolan,
Dublin City Council,53.357117,-6.249581,"53.357117, -6.249581",Anna Entrambasaguas,'On the Road',"Summerhill Parade, Dublin 3",North Inner City,2018,5. Removed,https://www.dublincanvas.com/dublin-canvas-artist-profiles/anna-entrambasaguas-3,
Dublin City Council,53.363175,-6.221836,"53.363175, -6.221836",Deborah Christie Tan,'Sealed with a Kiss',"Alfie Bryne Road, Clontarf Road, Dublin 3",North Central,2021,5. Removed,https://www.dublincanvas.com/dublin-canvas-artist-profiles/deborah-christie-tan,
Dublin City Council,53.358143,-6.35647,"53.358143, -6.356470",Lisa McHugh,'Heart/Hand Grenade',Tyrconnell Road - Davitt Road - Inchicore - Dublin 8,South West Inner City,2019,6. Reverted to grey,https://www.dublincanvas.com/dublin-canvas-artist-profiles/lisa-mchugh-2,
Dublin City Council,53.347791,-6.243727,"53.347791, -6.243727",Nora Rampinelli,'Unconventional Pandora's box',"North Wall Quay, Dublin 1",North Inner City,2015,6. Reverted to grey,https://www.dublincanvas.com/dublin-canvas-artist-profiles/nora-rampinelli,
Dublin City Council,53.347902,-6.289932,"53.347902, -6.289932",Cathy Mulhern,'City Floral Space',"Benburb Street/Temple Street West, Dublin 7",North Inner City,2021,6. Reverted to grey,https://www.dublincanvas.com/dublin-canvas-artist-profiles/cathy-mulhern,
Dublin City Council,53.362637,-6.252316,"53.362637, -6.252316",Steve Mulreany,'The Marty Party',"Clonliffe Road - Jones Road, Dublin 3",North Inner City,2019,6. Reverted to grey,https://www.dublincanvas.com/dublin-canvas-artist-profiles/steve-mulreany,
Dublin City Council,53.332604,-6.264651,"53.332604, -6.264651",Alan O Reagan,'Be Nice',"Harcourt Road/Camden Street, Portobello, Dublin 8",Southeast,2019,6. Reverted to grey,https://www.dublincanvas.com/dublin-canvas-artist-profiles/alan-o-reagan,
Dublin City Council,53.33614,-6.257279,"53.336140, -6.257279",Alessandra Ravida,'Everything has Changed'.,"Leeson Street, Dublin 2",Southeast,2017,6. Reverted to grey,https://www.dublincanvas.com/dublin-canvas-artist-profiles/alessandra-ravid-2,
Dublin City Council,53.311792,-6.282711,"53.311792, -6.282711",Mickey Shu-Ting Chan,'Mime in the box',"Terenure Road North/Templeogue Road, Terenure, Dublin 6W.",Kimnage/Rathmines,2016,6. Reverted to grey,https://www.dublincanvas.com/dublin-canvas-artist-profiles/mickey-shu-ting-chan,
Dublin City Council,53.332286,-6.271685,"53.332286, -6.271685",Alison Watson,'Keep it Local',"South Circular Road - Bloomfield Avenue, Portobello, Dublin 8.",Southeast,2019,6. Reverted to grey,https://www.dublincanvas.com/dublin-canvas-artist-profiles/alison-watson-2,
Dublin City Council,53.325084,-6.254629,"53.325084, -6.254629",Fink,"'Tis, Herself'","Ranelagh Village, Dublin 6.",Southeast,2015,6. Reverted to grey,https://www.dublincanvas.com/dublin-canvas-artist-profiles/fink,
Dublin City Council,53.323457,-6.250112,"53.323457, -6.250112",Francesca Paradiso,'#Try',"Ranelagh Village, Dublin 6.",Southeast,2015,6. Reverted to grey,https://www.dublincanvas.com/dublin-canvas-artist-profiles/francesca-paradiso,
Dublin City Council,53.347044,-6.282486,"53.347044, -6.282486",Aoife Ryan,'Lady of the Northside',"Johns Street, Dublin 7",North Inner City,2021,6. Reverted to grey,https://www.dublincanvas.com/dublin-canvas-artist-profiles/aoife-ryan,
Dublin City Council,53.354212,-6.266993,"53.354212, -6.266993",Juliette Viode,'Street Cat',Dorset Street Upper/Granby Road/Dublin 5 Unit 1,North Inner City,2021,6. Reverted to grey,https://www.dublincanvas.com/dublin-canvas-artist-profiles/juliette-viode-8,
Dublin City Council,53.339676,-6.265914,"53.339676, -6.265914",Gabriela Gajdova,'Night City',"56 Auginer Street, Dublin 2",Southeast,2017,6. Reverted to grey,https://www.dublincanvas.com/dublin-canvas-artist-profiles/gabriela-gajdova,
Dublin City Council,53.351128,-6.269929,"53.351128, -6.269929",Karen Moran,'Yay! Spicebag',"Bolton Street, Dublin 1",North Inner City,2021,6. Reverted to grey,https://www.dublincanvas.com/dublin-canvas-artist-profiles/karen-moran,
Dublin City Council,53.347409,-6.254959,"53.347409, -6.254959",Jordana Gomez + Rodrigo Alonso,'Feelings for the non-given kisses',Tara Street/Georges Quay,Southeast,2016,6. Reverted to grey,https://www.dublincanvas.com/dublin-canvas-artist-profiles/jordana-gomez-rodrigo-alonso,
Dublin City Council,53.345512,-6.248325,"53.345512, -6.248325",Juliette Viode,'Hip Hip & Away',"Lombard Street, Dublin 2.",Southeast,2019,6. Reverted to grey,https://www.dublincanvas.com/dublin-canvas-artist-profiles/juliette-viode-2,
Dublin City Council,53.3363205,-6.2633097,"53.3363205,-6.2633097",Shauna Moggan,'Birdsong',"Harcourt Street, Dublin 2.",Southeast,2019,6. Reverted to grey,https://www.dublincanvas.com/dublin-canvas-artist-profiles/shauna-moggan,
Dublin City Council,53.346909,-6.282506,"53.346909, -6.282506",Juliette Viode,'Oh Deer',"Benburb Street/John Street, Dublin 7",North Inner City,2018,6. Reverted to grey,https://www.dublincanvas.com/dublin-canvas-artist-profiles/juliette-viode,
Dun Laoghaire Rathdown County Council,53.261719,-6.149511,"53.261719, -6.149511",Amalia Naughton,'Greener Future',"Bray Road/Johnstown Road, Cabinteely, Co. Dublin.",Dun Laoghaire,2021,1. Remain as is,https://www.dublincanvas.com/dublin-canvas-artist-profiles/amalia-naughton-2,
Dun Laoghaire Rathdown County Council,53.301384,-6.214047,"53.301384, -6.214047",Amalia Naughton,'Nature Trail',"North Avenue/Foster Avenue, Mount Merrion, Dublin.",Mount Merrion,2023,1. Remain as is,https://www.dublincanvas.com/dublin-canvas-artist-profiles/amalia-naughton-88c52,
Dun Laoghaire Rathdown County Council,53.267135,-6.209684,"53.267135, -6.209684",Amy Leigh Thomson,'Adventure is on our Doorstep',"Woodward Avenue,Murphystown Road, Sandyford, Dublin 18.",Sandyford,2023,1. Remain as is,https://www.dublincanvas.com/dublin-canvas-artist-profiles/amy-leigh-thomson,
Dun Laoghaire Rathdown County Council,53.277595,-6.140845,"53.277595, -6.140845",Brian Duignan,'Spideog and Dreoil an Easpaig',"Sallynoggin/Pearse Street, Sallynoggin,Dublin.",Dun Laoghaire,2023,1. Remain as is,https://www.dublincanvas.com/dublin-canvas-artist-profiles/brian-duignan,
Dun Laoghaire Rathdown County Council,53.257125,-6.128121,"53.257125, -6.128121",Brian Duignan,Bullfinch,"Church Rd, Killiney, Ballybrack, Dublin",Ballybrack,2024,1. Remain as is,https://www.dublincanvas.com/artist-profiles-main,
Dun Laoghaire Rathdown County Council,53.262989,-6.227484,"53.262989, -6.227484",Caitlin Grant,'Cow in the City',"Enniskerry Road, Clon Brugh, Aiken's Village, Dublin.",Enniskerry,2022,1. Remain as is,https://www.dublincanvas.com/dublin-canvas-artist-profiles/caitlin-grant,
Dun Laoghaire Rathdown County Council,53.246329,-6.144392,"53.246329, -6.144392",Caitlin Grant,'Horse',"Valley Drive, Cherrywood, Dublin.",Cherrywood,2023,1. Remain as is,https://www.dublincanvas.com/dublin-canvas-artist-profiles/caitlin-grant-1dd51,
Dun Laoghaire Rathdown County Council,53.289541,-6.239261,"53.289541, -6.239261",Caitriona Brennan,Go n-eiri an bothar leat,"Kilmcad Road Upper/Sydenham Villas, Dundrum, Dublin 14",Dundrum,2024,1. Remain as is,https://www.dublincanvas.com/dublin-canvas-artist-profiles/caitrona-brennan,
Dun Laoghaire Rathdown County Council,53.264876,-6.133734,"53.264876, -6.133734",Claire Schorman,'Fernhill Flowers',"Church Road/Church view Road, Killiney, Co. Dublin,",Dun Laoghaire,2021,1. Remain as is,https://www.dublincanvas.com/dublin-canvas-artist-profiles/claire-schorman,
Dun Laoghaire Rathdown County Council,53.271263,-6.228298,"53.271263, -6.228298",Claire Schorman,'Pop',"Sandyford Road/Bothar Ath an Ghainimh, Sandyford, Dublin.",Sandyford,2022,1. Remain as is,https://www.dublincanvas.com/dublin-canvas-artist-profiles/claire-schorman-c,
Dun Laoghaire Rathdown County Council,53.267924,-6.220218,"53.267924, -6.220218",Claire Schorman,Over The Hills,"Kilgobbin Road/Hillcrest Road, Murphystown, Dublin",Murphystown,2024,1. Remain as is,https://www.dublincanvas.com/dublin-canvas-artist-profiles/claire-schorman-ebcd7,
Dun Laoghaire Rathdown County Council,53.285823,-6.123787,"53.285823, -6.123787",Garlic Designs,Roger Casement,"Hudson Road/Adelaide Road, Glasthule, Dublin. Unit 1.",Glasthule,2024,1. Remain as is,https://www.dublincanvas.com/dublin-canvas-artist-profiles/garlic-designs-d0e1b,
Dun Laoghaire Rathdown County Council,53.286606,-6.131577,"53.286606, -6.131577",Garlic Designs,'Summer Burst (Ronnie Drew)',"Glenageary Road Lower, Corrig Road, Dun Laoghaire, Co. Dublin.",Dun Laoghaire,2021,1. Remain as is,https://www.dublincanvas.com/dublin-canvas-artist-profiles/garlic-designs,
Dun Laoghaire Rathdown County Council,53.300835,-6.17691,"53.300835, -6.176910",Garlic Designs,'Father Jack Hackett',"Main Street, Temple Road,Blackrock, Dublin.",Blackrock,2022,1. Remain as is,https://www.dublincanvas.com/dublin-canvas-artist-profiles/garlic-designs-0,
Dun Laoghaire Rathdown County Council,53.288841,-6.226412,"53.288841, -6.226412",Hugh Madden,'She Moves Through the Fair',"Eden Park Road, Drummartin Road, Stillorgan, Dublin 14.",Stillorgan,2020,1. Remain as is,https://www.dublincanvas.com/dublin-canvas-artist-profiles/hugh-madden-12,
Dun Laoghaire Rathdown County Council,53.29867,-6.17043,"53.298670, -6.170430",Hugh Madden,'Maretimo House',"Newtown Avenue, Blackrock, Dublin. ",Blackrock,2022,1. Remain as is,https://www.dublincanvas.com/dublin-canvas-artist-profiles/hugh-madden-44,
Dun Laoghaire Rathdown County Council,53.302231,-6.182125,"53.302231, -6.182125",Hugh Madden,Dublin to Kingstown',"Rock Road, Blackrock Park, Dublin.",Blackrock,2020,1. Remain as is,https://www.dublincanvas.com/dublin-canvas-artist-profiles/hugh-madden-11,
Dun Laoghaire Rathdown County Council,53.244987,-6.141844,"53.244987, -6.141844",Isobel Jackson,'Ballycorus Leadmines',"Valley Drive, Cherrywood Park, Cherrywood, Dublin.",Cherrywood,2022,1. Remain as is,https://www.dublincanvas.com/dublin-canvas-artist-profiles/isobel-jackson,
Dun Laoghaire Rathdown County Council,53.283629,-6.145874,"53.283629, -6.145874",Iza Jane,'Away With The Faeries',"Highthorn Park, Mounttown Lower, Monkstown, Dublin.",Monkstown,2022,1. Remain as is,https://www.dublincanvas.com/dublin-canvas-artist-profiles/iza-jane,
Dun Laoghaire Rathdown County Council,53.296199,-6.14113,"53.296199, -6.141130",Ailsa Williams,'Vintage Postage Stamp',"Crofton Road, Dun Laoghaire, Dublin.",Dun Laoghaire,2023,1. Remain as is,https://www.dublincanvas.com/dublin-canvas-artist-profiles/ailsa-williams-11e75,
Dun Laoghaire Rathdown County Council,53.233895,-6.124476,"53.233895, -6.124476",Ailsa Williams,'The Bus Stop',"St Annes Church, Shanganagh Road, Shankill, County Dublin",Shankill,2023,1. Remain as is,https://www.dublincanvas.com/dublin-canvas-artist-profiles/ailsa-williams,
Dun Laoghaire Rathdown County Council,53.260767,-6.205276,"53.260767, -6.205276",Alexandra Castro,'Folk Puffin',"Ballyogan Road,Glencairn Cresent, Murphystown, Dublin 18",Murphystown,2022,1. Remain as is,https://www.dublincanvas.com/dublin-canvas-artist-profiles/alexandra-castro,
Dun Laoghaire Rathdown County Council,53.278599,-6.16341,"53.278599, -6.163410",Aoife Kennedy,Wild Garden',"Kill lane/Clonkeen Road, Deansgrange, Dublin.",Dun Laoghaire,2020,1. Remain as is,https://www.dublincanvas.com/dublin-canvas-artist-profiles/aoife-kennedy,
Dun Laoghaire Rathdown County Council,53.269537,-6.140901,"53.269537, -6.140901",Aseeb Mohammed,'Majestic Nature's Canvas',"Rochestown Avenue/Rochestown Park, Dublin.",Dun Laoghaire,2023,1. Remain as is,https://www.dublincanvas.com/dublin-canvas-artist-profiles/aseeb-mohammed,
Dun Laoghaire Rathdown County Council,53.235491,-6.126343,"53.235491, -6.126343",Beatriz Lima,'What does a fox do',"Stonebridge Road, Shanganagh Road, Shankill, Dublin.",Shankill,2023,1. Remain as is,https://www.dublincanvas.com/dublin-canvas-artist-profiles/beatriz-lima,
Dun Laoghaire Rathdown County Council,53.282378,-6.142376,"53.282378, -6.142376",Darya Shkundeleba,Blossoming Relationships,"Glenageary Road Upper, Maypark Avenue, Dublin.",Glenageary,2024,1. Remain as is,https://www.dublincanvas.com/dublin-canvas-artist-profiles/darya-shkundeleba,
Dun Laoghaire Rathdown County Council,53.291139,-6.128255,"53.291139, -6.128255",Emer Maguire,I Scream,"Queens Road/Park Road, Dun Laoghaire, Dublin.",Dun Laoghaire,2024,1. Remain as is,https://www.dublincanvas.com/dublin-canvas-artist-profiles/emer-maguire-14cf7,
Dun Laoghaire Rathdown County Council,53.292318,-6.246472,"53.292318, -6.246472",Caroline Kiersey,'Flower Bed',"Dundrum Road,Main Road, Dublin",Dundrum,2020,1. Remain as is,https://www.dublincanvas.com/dublin-canvas-artist-profiles/caroline-kiersey,
Dun Laoghaire Rathdown County Council,53.235202,-6.192353,"53.235202, -6.192353",Ciaran Moran,'Local Hero',"Enniskerry Road/Ballycorus Road, Glenamuck South, Dublin 18.",Dun Laoghaire,2023,1. Remain as is,https://www.dublincanvas.com/dublin-canvas-artist-profiles/ciaran-moran,
Dun Laoghaire Rathdown County Council,53.294558,-6.133953,"53.294558, -6.133953",Emma Gallo,Coastal Cathedral,"Marine Road, Dun Laoghaire, Dublin",Dun Laoghaire,2024,1. Remain as is,https://www.dublincanvas.com/dublin-canvas-artist-profiles/emma-gallo,
Dun Laoghaire Rathdown County Council,53.280134,-6.189471,"53.280134, -6.189471",Jay Byrne,Market Run,"Galloping Green, Stillorgan Road, Stillorgain, Dublin.",Stillorgan,2024,1. Remain as is,https://www.dublincanvas.com/dublin-canvas-artist-profiles/jay-byrne,
Dun Laoghaire Rathdown County Council,53.308872,-6.196097,"53.308872, -6.196097",Eilis Nolan,'Coast Walk',"Rock Road, Boostertown Road, Dublin. ",Dun Laoghaire,2023,1. Remain as is,https://www.dublincanvas.com/dublin-canvas-artist-profiles/eilis-nolan,
Dun Laoghaire Rathdown County Council,53.303825,-6.208521,"53.303825, -6.208521",Laura Steerman,Visit Deerpark,"Stillorgan Road /Foster Avenue, Mount Merrion, Dublin.",Mount Merrion,2024,1. Remain as is,https://www.dublincanvas.com/dublin-canvas-artist-profiles/laura-steerman-8987f,
Dun Laoghaire Rathdown County Council,53.294512,-6.133766,"53.294512, -6.133766",Gabriel Della Cecca,Dun Laoghaire Lighthouse,"Crofton Road/Marine Road, Dun Laoghaire, Dublin.",Dun Laoghaire,2023,1. Remain as is,https://www.dublincanvas.com/dublin-canvas-artist-profiles/gabriel-della-cecca,
Dun Laoghaire Rathdown County Council,53.267091,-6.184135,"53.267091, -6.184135",Lorcan Murphy,Fox Intertwined,"Torquay Rd, Foxrock, Dublin.",Foxrock,2024,1. Remain as is,https://www.dublincanvas.com/dublin-canvas-artist-profiles/lorcan-murphy-c17e2,
Dun Laoghaire Rathdown County Council,53.285919,-6.115568,"53.285919, -6.115568",Hannah Moran,'James Joyce',"29 Sandycove Avenue West, Sandycove, Dublin",Dun Laoghaire,2020,1. Remain as is,https://www.dublincanvas.com/dublin-canvas-artist-profiles/hannah-moran,
Dun Laoghaire Rathdown County Council,53.289202,-6.20834,"53.289202, -6.208340",Johnman,Pandemonium,"Lower Kilmacud Road/South Avenue, Mount Merrion, Dublin.",Mount Merrion,2024,1. Remain as is,https://www.dublincanvas.com/dublin-canvas-artist-profiles/johnman-a6dc3,
Dun Laoghaire Rathdown County Council,53.28895,-6.198539,"53.288950, -6.198539",Johnman,'Embrace the Rain',"Junction Killmacud Road, Old Dublin Road, Stillorgan, Dublin. ",Stillorgan,2020,1. Remain as is,https://www.dublincanvas.com/dublin-canvas-artist-profiles/johnman,
Dun Laoghaire Rathdown County Council,53.280898,-6.158287,"53.280898, -6.158287",Johnman,'Monkey Business',"Kill Lane/Abbey Road, Kill of the Grange, Blackrock, Dublin",Blackrock,2023,1. Remain as is,https://www.dublincanvas.com/dublin-canvas-artist-profiles/johnman-036da,
Dun Laoghaire Rathdown County Council,53.278347,-6.185538,"53.278347, -6.185538",Johnman,'Beast in the Bricks',"Leopardstown Road, Stillorgan Road, Dublin.",Stillorgan,2022,1. Remain as is,https://www.dublincanvas.com/dublin-canvas-artist-profiles/johnman-1,
Dun Laoghaire Rathdown County Council,53.268404,-6.210367,"53.268404, -6.210367",Nico Rylands,Foxing,"Murphystown Way, Dublin",Murphystown,2024,1. Remain as is,https://www.dublincanvas.com/dublin-canvas-artist-profiles/nico-rylands,
Dun Laoghaire Rathdown County Council,53.299061,-6.174527,"53.299061, -6.174527",John Crothers,'Ball Park',"Frascati Road, Temple Road, Blackrock, Dublin.",Blackrock,2022,1. Remain as is,https://www.dublincanvas.com/dublin-canvas-artist-profiles/john-crothers,
Dun Laoghaire Rathdown County Council,53.296877,-6.203718,"53.296877, -6.203718",Johnman,'Beasts in the Bushes',"Mount Merrion Avenue, Merrion, Blackrock, Co. Dublin",Blackrock,2021,1. Remain as is,https://www.dublincanvas.com/dublin-canvas-artist-profiles/johnman-3,
Dun Laoghaire Rathdown County Council,53.296877,-6.203718,"53.296877, -6.203718",Johnman,'Beasts in the Bushes',"Mount Merrion Avenue, Merrion, Blackrock, Co. Dublin",Blackrock,2021,1. Remain as is,https://www.dublincanvas.com/dublin-canvas-artist-profiles/johnman-3,
Dun Laoghaire Rathdown County Council,53.289141,-6.243365,"53.289141, -6.243365",Juliette O'Brien,'Sunny Cafe',"Main Street, Dundrum, Dublin.",Dundrum,2020,1. Remain as is,https://www.dublincanvas.com/dublin-canvas-artist-profiles/juliette-obrien-7,
Dun Laoghaire Rathdown County Council,53.270618,-6.143114,"53.270618, -6.143114",Laura O'Donnell,'Sunny Showers',"Johnstown Road/Rochestown Avenue, Dublin.",Rochestown,2022,1. Remain as is,https://www.dublincanvas.com/dublin-canvas-artist-profiles/claire-schorman-ebcd7,
Dun Laoghaire Rathdown County Council,53.239255,-6.196415,"53.239255, -6.196415",Martina Matejak,'Hole in One',"Enniskerry Road, Glenamuck, Kilternan. Dublin 18.",Enniskerry,2022,1. Remain as is,https://www.dublincanvas.com/dublin-canvas-artist-profiles/martina-matejak,
Dun Laoghaire Rathdown County Council,53.260852,-6.226539,"53.260852, -6.226539",Martina Matejak,'Lose yourself in nature',"Rosemount School, Enniskerry Road, Newtownlittle, Dublin 18",Dun Laoghaire,2021,1. Remain as is,https://www.dublincanvas.com/dublin-canvas-artist-profiles/martina-matejak-2,
Dun Laoghaire Rathdown County Council,53.300864,-6.188564,"53.300864, -6.188564",Lynn Kennedy,'The Hockey Match',"Mount Merrion Avenue, Cross Avenue, Blackrock, Co. Dublin",Blackrock,2021,1. Remain as is,https://www.dublincanvas.com/dublin-canvas-artist-profiles/lynn-kennedy,
Dun Laoghaire Rathdown County Council,53.277383,-6.204863,"53.277383, -6.204863",Denis Geniuskiy,The Last Cat,"Luas Sandyford Park & Ride, Blackthorn Ave, Sandyford, Dublin 18",Sandyford,2024,1. Remain as is,https://www.dublincanvas.com/dublin-canvas-artist-profiles/denis-geniuskiy,
Dun Laoghaire Rathdown County Council,53.293616,-6.247854,"53.293616, -6.247854",Maria Quigley,'Lily and Lolly Yeats',"Churchtown Road Upper/Churchtown Road Lower, Dundrum, Dublin",Dundrum,2023,1. Remain as is,https://www.dublincanvas.com/dublin-canvas-artist-profiles/maria-quigley-ed394,
Dun Laoghaire Rathdown County Council,53.286261,-6.237407,"53.286261, -6.237407",Maria Quigley,'The Overend Sisters',"Overends Avenue at Ballally Luas, Dundrum, Dublin.",Dundrum,2021,1. Remain as is,https://www.dublincanvas.com/dublin-canvas-artist-profiles/maria-quigley,
Dun Laoghaire Rathdown County Council,53.260852,-6.226539,"53.260852, -6.226539",Martina Matejak,'Lose yourself in nature',"Rosemount School, Enniskerry Road, Newtownlittle, Dublin 18",Dun Laoghaire,2021,1. Remain as is,https://www.dublincanvas.com/dublin-canvas-artist-profiles/martina-matejak-2,
Dun Laoghaire Rathdown County Council,53.252587,-6.213131,"53.252587, -6.213131",Martina Matejak,St Patrick,"St. Patricks Park, Enniskerry Road, Stepaside, Dublin 18.",Stepaside,2024,1. Remain as is,https://www.dublincanvas.com/artist-profiles-main,
Dun Laoghaire Rathdown County Council,53.244853,-6.141939,"53.244853, -6.141939",Laura Faichney,Jungle Faichney,"Cherrywood Park, Valley Drive, Cherrywood, Dublin.",Cherrywood,2024,1. Remain as is,https://www.dublincanvas.com/dublin-canvas-artist-profiles/laura-faichney,
Dun Laoghaire Rathdown County Council,53.29502,-6.142615,"53.295020, -6.142615",Medb McCarthy,'Hermon the Heron',"Junction George's Street Lower and Clarence Street, Dun Laoghaire, Dublin.",Dun Laoghaire,2020,1. Remain as is,https://www.dublincanvas.com/dublin-canvas-artist-profiles/medb-mccarthy,
Dun Laoghaire Rathdown County Council,53.303418,-6.208658,"53.303418, -6.208658",Nathan Kennedy,'Think',"Foster Avenue, Booterstown, Blackrock, Co. Dublin",Blackrock,2022,1. Remain as is,https://www.dublincanvas.com/dublin-canvas-artist-profiles/nathan-kennedy,
Dun Laoghaire Rathdown County Council,53.289341,-6.195108,"53.289341, -6.195108",New Horizons Day Centre,'Stillorgan Through The Years',"Stillorgan Park Road, Stillorgan Road, Stillorgan, Dublin.",Stillorgan,2021,1. Remain as is,https://www.dublincanvas.com/dublin-canvas-artist-profiles/new-horizons,
Dun Laoghaire Rathdown County Council,53.287166,-6.123343,"53.287166, -6.123343",Niamh Fahy,'A Way To Be Welcomed',"Glasthule Road, Link Road, Sandycove, Dublin.",Dun Laoghaire,2020,1. Remain as is,https://www.dublincanvas.com/dublin-canvas-artist-profiles/niamh-fahy,
Dun Laoghaire Rathdown County Council,53.294593,-6.168866,"53.294593, -6.168866",Maria Fernandez,Irish Mex,"Stradbrook Road/Newtwon Park Avenue, Blackrock, Dublin.",Blackrock,2024,1. Remain as is,https://www.dublincanvas.com/dublin-canvas-artist-profiles/maria-fernandez,
Dun Laoghaire Rathdown County Council,53.263161,-6.148392,"53.263161, -6.148392",Pankti Amin,'Sunflower Pointillism Art',"Courtlands/Johnstone Road, Cabinteely, Dublin 18.",Dun Laoghaire,2023,1. Remain as is,https://www.dublincanvas.com/dublin-canvas-artist-profiles/pankti-amin,
Dun Laoghaire Rathdown County Council,53.293299,-6.24597,"53.293299, -6.245970",Rebecca Gleeson,'Cycle Path',"Dundrum Road, Churchtown Lower, Dublin",Dundrum,2020,1. Remain as is,https://www.dublincanvas.com/dublin-canvas-artist-profiles/rebecca-gleeson,
Dun Laoghaire Rathdown County Council,53.230696,-6.123965,"53.230696, -6.123965",Saoirse Toni Schofield,'A Pop of Pansies',"Shankill Village, Shankill, Dublin. ",Dun Laoghaire,2020,1. Remain as is,https://www.dublincanvas.com/dublin-canvas-artist-profiles/saoirse-toni-schofield,
Dun Laoghaire Rathdown County Council,53.27388,-6.20396,"53.273880, -6.203960",Silvia Lombardi,"'Breath, your freedom depends on you'","Burton Hall Road, Sandyford, Dublin 18.",Sandyford,2020,1. Remain as is,https://www.dublincanvas.com/dublin-canvas-artist-profiles/silvia-lombardi,
Dun Laoghaire Rathdown County Council,53.298861,-6.233796,"53.298861, -6.233796",Sinead Tyner,'Goat to the top of the mountain',"Larchfield Road, Goatstown Road, Goatstown, Dublin 14.",Dun Laoghaire,2021,1. Remain as is,https://www.dublincanvas.com/dublin-canvas-artist-profiles/sinead-tyner-4,
Dun Laoghaire Rathdown County Council,53.234372,-6.123287,"53.234372, -6.123287",Sinead Tyner,'Ground Traffic Controller',"Shanganagh, Beechfield Manor, Shankill, Dublin 18.",Shankill,2022,1. Remain as is,https://www.dublincanvas.com/dublin-canvas-artist-profiles/sinead-tyner-e,
Dun Laoghaire Rathdown County Council,53.273302,-6.200652,"53.273302, -6.200652",Svetlana Starikova,'Sunny Forest',"Brewery Road/Burton Hall, Sandyford, Dublin 18.",Sandyford,2020,1. Remain as is,https://www.dublincanvas.com/dublin-canvas-artist-profiles/svetlana-starikova,
Dun Laoghaire Rathdown County Council,53.309648,-6.217448,"53.309648, -6.217448",Shauna Heron,'World Cup',"Stillorgan Road Montrose, Dublin.",Stillorgan,2023,1. Remain as is,https://www.dublincanvas.com/dublin-canvas-artist-profiles/shauna-heron-world-cup,
Dun Laoghaire Rathdown County Council,53.265355,-6.229024,"53.265355, -6.229024",Tracey Moca,'Lamb Cross',"Hillcrest Road, Enniskerry Road, Murphystown, Dublin ",Murphystown,2024,1. Remain as is,https://www.dublincanvas.com/dublin-canvas-artist-profiles/tracey-moca-30128,
Dun Laoghaire Rathdown County Council,53.267274,-6.148414,"53.267274, -6.148414",Tracey Moca,'Schrodinger's cat',"Johnstown Road/Pottery Road, Cabinteely, Co. Dublin, Unit 1.",Dun Laoghaire,2023,1. Remain as is,https://www.dublincanvas.com/dublin-canvas-artist-profiles/tracey-moca-e7391,
Dun Laoghaire Rathdown County Council,53.277203,-6.219582,"53.277203, -6.219582",Tracey Moca,'In Flux',"Junction Blackthorn Drive and Blackthorn Avenue, Sandyford, Dublin.",Sandyford,2021,1. Remain as is,https://www.dublincanvas.com/dublin-canvas-artist-profiles/tracey-moca,
Dun Laoghaire Rathdown County Council,53.288619,-6.145481,"53.288619, -6.145481",Tracey Moca,'Homage to the Puppet Theatre',"York Road/Knapton Road, Monkstown, Dublin",Monkstown,2023,1. Remain as is,https://www.dublincanvas.com/dublin-canvas-artist-profiles/tracey-moca-9ad8c,
Dun Laoghaire Rathdown County Council,53.277383,-6.204863,"53.277383, -6.204863",Claire Schorman,'Wash Your Hands!',"Luas Sandyford Park & Ride, Blackthorn Ave, Sandyford, Dublin 18",Sandyford,2020,2. Painted Over,https://www.dublincanvas.com/dublin-canvas-artist-profiles/claire-schorman-2,
Dun Laoghaire Rathdown County Council,53.263161,-6.148392,"53.263161, -6.148392",Dayana Bautista,'Sunrise Joy',"Courtlands/Johnstone Road, Cabinteely, Dublin 18.",Dun Laoghaire,2018 - 2023,2. Painted Over,https://www.dublincanvas.com/dublin-canvas-artist-profiles/dayana-bautista,
Dun Laoghaire Rathdown County Council,53.288619,-6.145481,"53.288619, -6.145481",Claire Prouvost,'Girl Gang',"York Road/Knapton Road, Monkstown, Dublin",Monkstown,2018 - 2023,2. Painted Over,https://www.dublincanvas.com/dublin-canvas-artist-profiles/claire-prouvost-2,
Dun Laoghaire Rathdown County Council,53.296199,-6.14113,"53.296199, -6.141130",Dana Lee,'Fish in Dublin',"Crofton Road, Dun Laoghaire, Dublin",Dun Laoghaire,2021 - 2023,2. Painted Over,https://www.dublincanvas.com/dublin-canvas-artist-profiles/dana-lee,
Dun Laoghaire Rathdown County Council,53.233895,-6.124476,"53.233895, -6.124476",Fintan O'Bryne,Lil Crusade',"St Annes Church, Shanganagh Road, Shankill, County Dublin",Dun Laoghaire,2018 - 2023,2. Painted Over,https://www.dublincanvas.com/dublin-canvas-artist-profiles/fintan-obryne,
Dun Laoghaire Rathdown County Council,53.280898,-6.158287,"53.280898, -6.158287",Johannah Lordan,'Change and Growth'',"Kill Lane/Abbey Road, Kill of the Grange, Blackrock, Dublin",Blackrock,2018 - 2023,2. Painted Over,https://www.dublincanvas.com/dublin-canvas-artist-profiles/johannah-lordan,
Dun Laoghaire Rathdown County Council,53.293147,-6.245706,"53.293147, -6.245706",Laura Steerman,'F·ilte go Dundrum/D˙n Droma',"Lower Main Street, Dundrum, Dublin 14.",Dundrum,2021 - 2021,2. Painted Over,https://www.dublincanvas.com/dublin-canvas-artist-profiles/denis-geniuskiy,
Dun Laoghaire Rathdown County Council,53.235491,-6.126343,"53.235491, -6.126343","Nicholas Henihan, Edgar Henihan",'The Humpback',"Stonebridge Road, Shanganagh Road, Shankill, Dublin.",Shankill,2018 - 2023,2. Painted Over,https://www.dublincanvas.com/dublin-canvas-artist-profiles/nicholashenihan-edgarhenihan-ed-case,
Dun Laoghaire Rathdown County Council,53.294493,-6.133977,"53.294493, -6.133977",Paul Francis,'Pier Building',"Junction Marine Road, Crofton Road, Dun Laoghaire, Dublin. ",Dun Laoghaire,2020 - 2023,2. Painted Over,https://www.dublincanvas.com/dublin-canvas-artist-profiles/paul-francis,
Dun Laoghaire Rathdown County Council,53.254191,-6.130596,"53.254191, -6.130596",Yvonne Kennedy,'The Swimmer',"Wyattville Road/Churchview Road, Ballybrack, Dublin",Dun Laoghaire,2018 - 2021,2. Painted Over,https://www.dublincanvas.com/dublin-canvas-artist-profiles/yvonne-kennedy,
Dun Laoghaire Rathdown County Council,53.277383,-6.204863,"53.277383, -6.204863",Jennifer Patterson,The Morning Commute,"Luas Sandyford Park & Ride, Blackthorn Ave, Sandyford, Dublin 18",Sandyford,2022,2. Painted Over,https://www.dublincanvas.com/dublin-canvas-artist-profiles/jennifer-patterson,
Dun Laoghaire Rathdown County Council,53.252587,-6.213131,"53.252587, -6.213131",Sinead Tyner,'The Nut Job',"St. Patricks Park, Enniskerry Road, Stepaside, Dublin 18.",Dun Laoghaire,2020,2. Painted Over,https://www.dublincanvas.com/dublin-canvas-artist-profiles/sinead-tyner-2,
Dun Laoghaire Rathdown County Council,53.279415,-6.211002,"53.279415, -6.211002",Denis Prelevic,'Nature Geometry',"St Raphaela's Road/Blackthorn Avenue, Sandyford, Dublin.",Sandyford,2020,3. Repaint 2025,https://www.dublincanvas.com/dublin-canvas-artist-profiles/denis-prelevic-2,
Dun Laoghaire Rathdown County Council,53.300741,-6.180254,"53.300741, -6.180254",John Beatty,'Blackrock Baths',"Junction Frascati Road and George's Avenue, Blackrock, Dublin. ",Blackrock,2020,3. Repaint 2025,https://www.dublincanvas.com/dublin-canvas-artist-profiles/john-beatty,
Dun Laoghaire Rathdown County Council,53.254191,-6.130596,"53.254191, -6.130596",Julian Hills,'Bold Dog',"Wyattville Road/Churchview Road, Ballybrack, Dublin",Dun Laoghaire,2021,3. Repaint 2025,https://www.dublincanvas.com/dublin-canvas-artist-profiles/julian-hills,
Dun Laoghaire Rathdown County Council,53.292387,-6.135923,"53.292387, -6.135923",Juliette O'Brien,'A Bird in the Hand',"St. Michaels Church, Marine Road, Dun Laoghaire, Dublin.",Dun Laoghaire,2020,3. Repaint 2025,https://www.dublincanvas.com/dublin-canvas-artist-profiles/juliette-obrien-8,
Dun Laoghaire Rathdown County Council,53.257125,-6.128121,"53.257125, -6.128121",Clare O'Connor,'Moxie',"Church Rd, Killiney, Ballybrack, Dublin",Dun Laoghaire,2018,3. Repaint 2025,https://www.dublincanvas.com/dublin-canvas-artist-profiles/clare-oconnor-2,
Fingal County Council,53.459286,-6.219909,"53.459286, -6.219909",Aj Higgins,'Craic agus Ceol',"Bridge Street, Swords Main Street, Swords, Dublin.",Swords,2023,1. Remain as is,https://www.dublincanvas.com/dublin-canvas-artist-profiles/aj-higgins-2505c,
Fingal County Council,53.521877,-6.091228,"53.521877, -6.091228",Amelie Bates,'Lambay',"Main Street/Skerries Road, Rush, North County Dublin.",Rush,2023,1. Remain as is,https://www.dublincanvas.com/dublin-canvas-artist-profiles/amelie-bates,
Fingal County Council,53.530743,-6.091527,"53.530743, -6.091527",Amelie Bates,'An Irish Hare',"Skerries Road, Mariners Road, Rush, Co. Dublin",Rush,2024,1. Remain as is,https://www.dublincanvas.com/dublin-canvas-artist-profiles/amelie-bates-6adc0,
Fingal County Council,53.390756,-6.404803,"53.390756, -6.404803",Caitlin McMahon,"""Na Daoine Maithe"" = the good people (a term once used to describe the fairies of Ireland) ","Mountview Road, Blanchardstown, Dublin 15",Blanchardstown,2024,1. Remain as is,https://www.dublincanvas.com/dublin-canvas-artist-profiles/caitlin-mcmahon,
Fingal County Council,53.388842,-6.119789,"53.388842, -6.119789",Claire Callinan,Doggy Day Trip,"Dublin Road, Binn Eadair View, Sutton, Dublin 13",Sutton,2024,1. Remain as is,https://www.dublincanvas.com/dublin-canvas-artist-profiles/claire-callinan,
Fingal County Council,53.386468,-6.394667,"53.386468, -6.394667",Ethan Roony,Fooseball Table,"Blanchardstown Road/Warrenstown, Blanchardstown, Dublin 15.",Blanchardstown,2024,1. Remain as is,https://www.dublincanvas.com/dublin-canvas-artist-profiles/ethan-roony,
Fingal County Council,53.39806,-6.370975,"53.398060, -6.370975",Abigail Nangle,'Something Fishy Going On',"National Aquatic Centre, Snugborough Road, Deanestown, Dublin 15",Fingal County Council,2018,1. Remain as is,https://www.dublincanvas.com/dublin-canvas-artist-profiles/abigail-nangle,
Fingal County Council,#VALUE!,#VALUE!,53.587967 -6.188861,Bart Doroszko,'Mercyful',"Coach Road, Balrothery, North Dublin.",Fingal County Council,2018,1. Remain as is,https://www.dublincanvas.com/dublin-canvas-artist-profiles/bart-doroszko,
Fingal County Council,53.358143,-6.35647,"53.358143, -6.356470",Lisa McHugh,'Pink Deer',"Whites Road, Castleknock, Dublin 15.",Castleknock,2018,1. Remain as is,https://www.dublincanvas.com/dublin-canvas-artist-profiles/lisa-mchugh,
Fingal County Council,53.389393,-6.110795,"53.389393, -6.110795",Lorcan Murphy,'Electric School of Fish',"Sutton Cross, Burrow, Sutton, Dublin",Fingal County Council,2018,1. Remain as is,https://www.dublincanvas.com/dublin-canvas-artist-profiles/lorcan-murphy-2,
Fingal County Council,#VALUE!,#VALUE!,53.398965 -6.127394,Leighann McElroy,'Forever young',"Main Street, Baldoyle, Dublin.",Fingal County Council,2020,1. Remain as is,https://www.dublincanvas.com/dublin-canvas-artist-profiles/leighann-mcelroy,
Fingal County Council,#VALUE!,#VALUE!,53.433087 -6.176812,Marie Armstrong,'Great Day for the Drying',"Feltrim Road/Malahide Road, Malahide, Dublin.",Fingal County Council,2020,1. Remain as is,https://www.dublincanvas.com/dublin-canvas-artist-profiles/marie-armstrong,
Fingal County Council,#VALUE!,#VALUE!,53.360701 -6.446429,Maureen Kelly Fox,Strawberry Fields Forever',"Laraghcon Road , Lucan, Dublin.",Fingal County Council,2020,1. Remain as is,https://www.dublincanvas.com/dublin-canvas-artist-profiles/maureen-kelly-fox-4,
Fingal County Council,53.38051,-6.369197,"53.380510, -6.369197",Roisin Mac Diarmada,'All along the banks of the Royal Canal',"Park Lodge/Castleknock Road, Castleknock, Dublin. ",Fingal County Council,2020,1. Remain as is,https://www.dublincanvas.com/dublin-canvas-artist-profiles/roisin-mac-diarmada,
Fingal County Council,#VALUE!,#VALUE!,53.39515 -6.375118,Wiktoria Zagorowicz,'Steel Teal',"Aisling Heights/Snugborough Road, Blanchardstown, Dublin. ",Fingal County Council,2020,1. Remain as is,https://www.dublincanvas.com/dublin-canvas-artist-profiles/wiktoria-zagorowicz,
Fingal County Council,53.385884,-6.374758,"53.385884, -6.374758",Con Kennedy,'Martin Earley',"Blanchardstown Village, Blanchardstown, Dublin 15.",Blanchardstown,2023,1. Remain as is,https://www.dublincanvas.com/dublin-canvas-artist-profiles/con-kennedy,
Fingal County Council,#VALUE!,#VALUE!,53.606106 -6.183825,David Donnelly,'Sunflowers',"Old Market Green/Dublin Street, Balbriggan, North County Dublin",Balbriggan,2023,1. Remain as is,https://www.dublincanvas.com/dublin-canvas-artist-profiles/david-donnelly,
Fingal County Council,53.390751,-6.404906,"53.390751, -6.404906",Evie O'Neill,'Night and Day',"Mountview Road, Blanchardstown Road South, Blanchardstown, Dublin 15.",Blanchardstown,2023,1. Remain as is,https://www.dublincanvas.com/dublin-canvas-artist-profiles/evie-oneill,
Fingal County Council,#VALUE!,#VALUE!,53.614764 -6.191189,Inis Leahy,'Welcome to Balbriggan',"Harry Reynolds Road/Drogheda Street, Balbriggan, North Dublin.",Balbriggan,2023,1. Remain as is,https://www.dublincanvas.com/dublin-canvas-artist-profiles/inis-leahy,
Fingal County Council,53.402709,-6.302324,"53.402709, -6.302324",Maureen Kelly Fox,'Fairy Bells',"Melville Road/ St Margaret's Road, Charlestown, Dublin 11",Charlestown,2023,1. Remain as is,https://www.dublincanvas.com/dublin-canvas-artist-profiles/maureen-kelly-fox-843e7,
Fingal County Council,53.402398,-6.396805,"53.402398, -6.396805",Svitlana Sukhanova,'Spring',"Main Street, Church Road, Mulhuddart, Co. Dublin.",Blanchardstown,2023,1. Remain as is,https://www.dublincanvas.com/dublin-canvas-artist-profiles/svitlana-sukhanova,
Fingal County Council,#VALUE!,#VALUE!,53.382251 -6.403527,Tira Burke,'Walking My Dog',"Clonsilla Street/Diswellstown Road, Clonsilla, Dublin.",Clonsilla,2023,1. Remain as is,https://www.dublincanvas.com/dublin-canvas-artist-profiles/tira-burke,
Fingal County Council,53.422731,-6.134645,"53.422731, -6.134645",Ciara Rowan,My Dublin Oasis,"St. Marnock's National School, Strand Road, Burrow, Portmarnock, Dublin.",Portmarnock,2024,1. Remain as is,https://www.dublincanvas.com/dublin-canvas-artist-profiles/ciara-rowan,
Fingal County Council,53.523303,-6.100977,"53.523303, -6.100977",Gracie Hawkins,What Shall We Do Today,"Upper Main St, Rush Demesne, Rush, Co. Dublin",Rush,2024,1. Remain as is,https://www.dublincanvas.com/dublin-canvas-artist-profiles/gracie-hawkins,
Fingal County Council,53.382849,-6.400937,"53.382849, -6.400937",Izzy Fox,Flutter By,"Clonsilla Road, Clonsilla, Dublin 15.",Clonsilla,2024,1. Remain as is,https://www.dublincanvas.com/dublin-canvas-artist-profiles/izzy-fox,
Fingal County Council,53.385628,-6.373225,"53.385628, -6.373225",Liam Kane,Maggie Doyle,"Blanchardstown Village, Blanchardstown, Dublin 15.",Blanchardstown,2024,1. Remain as is,https://www.dublincanvas.com/dublin-canvas-artist-profiles/liam-kane,
Fingal County Council,#VALUE!,#VALUE!,53.524918 -6.163665,Lauren O'Reilly,Sir Barnewall and Lady Sherle,"Lusk Main Street, Lusk, County Dublin.",Lusk,2024,1. Remain as is,https://www.dublincanvas.com/dublin-canvas-artist-profiles/lauren-oreilly,
Fingal County Council,#VALUE!,#VALUE!,53.383192 -6.060689,Susan Crossan Ellie Green,'Goat in Howth',"Thormanby Road, Howth, County Dublin.",Howth,2023,1. Remain as is,https://www.dublincanvas.com/dublin-canvas-artist-profiles/susan-crossan-ellie-green,
Fingal County Council,53.454731,-6.22295,"53.454731, -6.222950",Niamh Wade,Pair of Jokers,"Opposite Lord Mayors Bar, Main Street, Swords, Dublin.",Swords,2024,1. Remain as is,https://www.dublincanvas.com/dublin-canvas-artist-profiles/niamh-wade,
Fingal County Council,53.386048,-6.138498,"53.386048, -6.138498",Orla Cassidy,Stonechatter,"Bayside Boulevard/Dublin Road, Dublin.",Sutton,2024,1. Remain as is,https://www.dublincanvas.com/artist-profiles-main,
Fingal County Council,53.388797,-6.11731,"53.388797, -6.117310",Sinead Poznanski,Shiver,"Opposite St Fintans School, Dublin Road, Burrow, Dublin.",Burrow,2024,1. Remain as is,https://www.dublincanvas.com/artist-profiles-main,
Fingal County Council,53.385265,-6.372352,"53.385265, -6.372352",Tian Kureel,'No Place like Gnome',"Old Navan Road/Castleknock Road, Blancharstown, Dublin 15..",Blanchardstown,2024,1. Remain as is,https://www.dublincanvas.com/artist-profiles-main,
Fingal County Council,#VALUE!,#VALUE!,53.388957 -6.119826,Gerry Banks,'Crab Water',"Binn Eadir View/Dublin Road, Burrow, Dublin 13",Fingal County Council,2018 - 2020,1. Remain as is,https://www.dublincanvas.com/dublin-canvas-artist-profiles/gerry-banks,
Fingal County Council,#VALUE!,#VALUE!,53.614764 -6.191189,Alison O'Grady,'The Reynolds Brother',"Harry Reynolds Road/Drogheda Street, Balbriggan, North Dublin.",Fingal County Council,2020 - 2023,2. Painted Over,https://www.dublincanvas.com/dublin-canvas-artist-profiles/alison-ogrady-3,
Fingal County Council,#VALUE!,#VALUE!,53.382251 -6.403527,Claire Murphy,a time to refrain from embracing',"Clonsilla Street/Diswellstown Road, Clonsilla, Dublin.",Fingal County Council,2020 - 2023,2. Painted Over,https://www.dublincanvas.com/dublin-canvas-artist-profiles/claire-murphy-2,
Fingal County Council,53.382849,-6.400937,"53.382849, -6.400937",Eva Kelly,'Daydreaming',"Clonsilla Road, Clonsilla, Dublin 15.",Clonsilla,2018,2. Painted Over,https://www.dublincanvas.com/dublin-canvas-artist-profiles/eva-kelly-2,
Fingal County Council,53.404159,-6.301763,"53.404159, -6.301763",Aoife Flynn Fallon,'Inevitable',"St.Margarets Road, Meakstown, County Dublin",Fingal County Council,2018,2. Painted Over,https://www.dublincanvas.com/dublin-canvas-artist-profiles/aoife-flynn-fallon,
Fingal County Council,53.422731,-6.134645,"53.422731, -6.134645",Alexandra Casique,'A Reminder',"St. Marnock's National School, Strand Road, Burrow, Portmarnock, Dublin.",Portmarnock,2018,2. Painted Over,https://www.dublincanvas.com/dublin-canvas-artist-profiles/alexandra-casique,
Fingal County Council,53.454731,-6.22295,"53.454731, -6.222950",David Bryne,'Two for Joy',"Opposite Lord Mayors Bar, Main Street, Swords, Dublin.",Swords,2018,2. Painted Over,https://www.dublincanvas.com/dublin-canvas-artist-profiles/david-bryne,
Fingal County Council,#VALUE!,#VALUE!,53.524918 -6.163665,Marie Gordan,'Say Hey',"Lusk Main Street, Lusk, County Dublin.",Lusk,2018,2. Painted Over,https://www.dublincanvas.com/dublin-canvas-artist-profiles/marie-gordan,
Fingal County Council,#VALUE!,#VALUE!,53.383192 -6.060689,Niall O'Loughlin,'Plant Life',"Thormanby Road, Howth, County Dublin.",Howth,2018,2. Painted Over,https://www.dublincanvas.com/dublin-canvas-artist-profiles/niall-oloughlin,
Fingal County Council,#VALUE!,#VALUE!,53.609036 -6.193676,Bernie Davis,'Wildflowers',"Harry Reynolds Road/Chapel Street, Balbriggan, Dublin. ",Fingal County Council,2020,2. Painted Over,https://www.dublincanvas.com/dublin-canvas-artist-profiles/bernie-davis,
Fingal County Council,53.385265,-6.372352,"53.385265, -6.372352",Emer Mac Diarmada,'Hope',"Old Navan Road/Castleknock Road, Castleknock, Dublin.",Castleknock,2020,2. Painted Over,https://www.dublincanvas.com/dublin-canvas-artist-profiles/emer-mac-diarmada,
Fingal County Council,#VALUE!,#VALUE!,53.388097 -6.129073,Daniela Monza,'Irish Sea Underwater',"Sutton Road, Dublin Road",Fingal County Council,2018 - 2020,2. Painted Over,https://www.dublincanvas.com/dublin-canvas-artist-profiles/daniela-monza,
Fingal County Council,53.459286,-6.219909,"53.459286, -6.219909",Alanna Galvin,'Black Raven',"Bridge Street, Swords Main Street, Swords, Dublin.",Fingal County Council,2020 - 2023,2. Painted Over,https://www.dublincanvas.com/dublin-canvas-artist-profiles/alanna-galvin,
Fingal County Council,#VALUE!,#VALUE!,53.606106 -6.183825,Eidin Moyne,'Iasc/West',"Old Market Green/Dublin Street, Balbriggan, North County Dublin",Fingal County Council,2020 - 2023,2. Painted Over,https://www.dublincanvas.com/dublin-canvas-artist-profiles/eidin-moyne,
Fingal County Council,53.521877,-6.091228,"53.521877, -6.091228",John Fitzsimons,'Luke Kelly',"Main St/Skerries Rd, Rush, North County Dublin.",Fingal County Council,2020 - 2023,2. Painted Over,https://www.dublincanvas.com/dublin-canvas-artist-profiles/john-fitzsimons,
Fingal County Council,53.385884,-6.374758,"53.385884, -6.374758",Maximilian Cope,'The Guardian',"Blanchardstown Village, Blanchardstown, Dublin 15.",Fingal County Council,2020 - 2023,2. Painted Over,https://www.dublincanvas.com/dublin-canvas-artist-profiles/maximilian-cope,
Fingal County Council,#VALUE!,#VALUE!,53.40423 -6.301972,Shane Ha,'Ice Cream Sunset',"Melville St Margaret's Road, Charlestown, Dublin 11",Fingal County Council,2020 - 2023,2. Painted Over,https://www.dublincanvas.com/dublin-canvas-artist-profiles/shane-ha-4,
Fingal County Council,53.445545,-6.130357,"53.445545, -6.130357",Claire Blackwell,'The Bathers',"Coast Road, Robswall, Malahide, County Dublin",Fingal County Council,2018,3. Repaint 2025,https://www.dublincanvas.com/dublin-canvas-artist-profiles/clare-blackwell-2,
Fingal County Council,#VALUE!,#VALUE!,53.61301 -6.188883,Patrick Dalton,'Seagull Photobomber',"Drogheda Street/Lambeecher, Balbriggan, North Dublin",Fingal County Council,2018,3. Repaint 2025,https://www.dublincanvas.com/dublin-canvas-artist-profiles/patrick-dalton,
Fingal County Council,#VALUE!,#VALUE!,53.578953 -6.105149,Mark Dooley,'Na Sceiri',"Manning's Opening, Townparks, Skerries, Dublin.",Fingal County Council,2020,3. Repaint 2025,https://www.dublincanvas.com/dublin-canvas-artist-profiles/mark-dooley,
Fingal County Council,#VALUE!,#VALUE!,53.396619 -6.126623,Marie H Gordan,'Wild Dublin',"Warrenhouse Road/Dublin Street, Baldoyle, Dublin.",Fingal County Council,2020,3. Repaint 2025,https://www.dublincanvas.com/dublin-canvas-artist-profiles/marie-h-gordan,
Fingal County Council,#VALUE!,#VALUE!,53.387019 -6.409936,Sinead O'Connor,'Night Sky',"Shelerin Road/ Clonsilla, Dublin 15",Fingal County Council,2020,3. Repaint 2025,https://www.dublincanvas.com/dublin-canvas-artist-profiles/sinead-oconnor-2,
Fingal County Council,#VALUE!,#VALUE!,53.612579 -6.195233,Sylwia Singh,'Bremore Castle' ,"Harry Reynolds Road , Balbriggan, Dublin. ",Fingal County Council,2020,3. Repaint 2025,https://www.dublincanvas.com/dublin-canvas-artist-profiles/sylwia-singh,
South Dublin County Council,53.288159,-6.357518,"53.288159, -6.357518",Anna Becevel,'Intruding',"Greenhills Road, Tallaght Village, Tallaght, Dublin 24",Tallaght,2023,1. Remain as is,https://www.dublincanvas.com/dublin-canvas-artist-profiles/anna-becevel,
South Dublin County Council,53.346501,-6.443354,"53.346501, -6.443354",Aoife Ceitinn,'Gaa Kids',"Esker Road/Arthur Griffith Park, Lucan, Dublin.",Lucan,2023,1. Remain as is,https://www.dublincanvas.com/dublin-canvas-artist-profiles/aoife-ceitinn,
South Dublin County Council,53.280149,-6.445195,"53.280149, -6.445195",Chloe Bracken,'Red Robin on Cherry Blossom',"Castle Road/Mill Road, Saggart, Dublin 24",Saggart,2021,1. Remain as is,https://www.dublincanvas.com/dublin-canvas-artist-profiles/chloe-bracken,
South Dublin County Council,53.28093,-6.297432,"53.280930, -6.297432",Chloe Bracken,'The Seed Eater',"Edmondstown Road/Scholarstown, Ballyboden, Dublin 16.",Ballyboden,2023,1. Remain as is,https://www.dublincanvas.com/dublin-canvas-artist-profiles/chloe-bracken-bd6e3,
South Dublin County Council,53.357936,-6.474682,"53.357936, -6.474682",Claire Murphy,'Up Up and Away',"Cooldrinagh Road, Lucan, County Dublin",Lucan,2019,1. Remain as is,https://www.dublincanvas.com/dublin-canvas-artist-profiles/claire-murphy,
South Dublin County Council,53.343869,-6.398464,"53.343869, -6.398464",Eva Kelly,'Youth Culture',"Neilstown Road Rowlagh C.C, Clondalkin, Dublin ",Clondalkin,2019,1. Remain as is,https://www.dublincanvas.com/dublin-canvas-artist-profiles/eva-kelly-5,
South Dublin County Council,53.284762,-6.419117,"53.284762, -6.419117",Eva Kelly,'Back to Nature',"Scoil Aoife, Citywest, Citywest, Dublin 24.",Citywest,2020,1. Remain as is,https://www.dublincanvas.com/dublin-canvas-artist-profiles/eva-kelly-6,
South Dublin County Council,53.285342,-6.365781,"53.285342, -6.365781",Eva Kelly,'Dreamland',"N81-Belgard Road, Tallaght, Dublin 24",Tallaght,2018,1. Remain as is,https://www.dublincanvas.com/dublin-canvas-artist-profiles/eva-kelly-3,
South Dublin County Council,53.297856,-6.286102,"53.297856, -6.286102",Hugh Madden,'The Skating Minister',"Butterfield Avenue/Rathfarnham Road, Rathfarnham, Dublin 14",Rathfarnham,2018,1. Remain as is,https://www.dublincanvas.com/dublin-canvas-artist-profiles/hugh-madden-8,
South Dublin County Council,53.309817,-6.312275,"53.309817, -6.312275",Corma Stott,'Kimmage Manor',"Priory Way/Whitehall Road, Kimmage, Dublin 6W",Kimnage/Rathmines,2021,1. Remain as is,https://www.dublincanvas.com/dublin-canvas-artist-profiles/corma-stott,
South Dublin County Council,53.288554,-6.378323,"53.288554, -6.378323",Agnieszka Bujdasz,'Heron',"Belgard Square/Cookstown Way, Tallaght, Dublin 24.",Tallaght,2022,1. Remain as is,https://www.dublincanvas.com/dublin-canvas-artist-profiles/agnieszka-bujdasz,
South Dublin County Council,53.302999,-6.377255,"53.302999, -6.377255",Alexandra Castro,'Kawaii flowers',"Belgard Road, Cookstown Road, Tallaght, Dublin 24.",Tallaght,2021,1. Remain as is,https://www.dublincanvas.com/dublin-canvas-artist-profiles/alexandracastro,
South Dublin County Council,53.298037,-6.37042,"53.298037, -6.370420",Brian Leech,'Let it Pour',"Belgard Road- Mayberry Road, Tallaght, Dublin 24",Tallaght,2018 - 2021,1. Remain as is,https://www.dublincanvas.com/dublin-canvas-artist-profiles/brian-leech,
South Dublin County Council,53.359528,-6.425774,"53.359528, -6.425774",Carmel Gallagher,'The flight of the wild geese',"Woodville, Lucan, Co Dublin",Lucan,2018 - 2021,1. Remain as is,https://www.dublincanvas.com/dublin-canvas-artist-profiles/carmel-gallagher,
South Dublin County Council,53.298362,-6.354296,"53.298362, -6.354296",Chris Fitzpatrick,'Grey Heron',"Greenhills Road, Mayberry Road, Tallaght, Dublin 24",Tallaght,2023,1. Remain as is,https://www.dublincanvas.com/dublin-canvas-artist-profiles/chris-fitzpatrick,
South Dublin County Council,53.2750142,-6.3530994,"53.2750142,-6.3530994",Ciaran Curley,Bear Necessities,"Old Bawn Road/Killininny, Dublin 24.",Tallaght,2020,1. Remain as is,https://www.dublincanvas.com/dublin-canvas-artist-profiles/ciaran-curley,
South Dublin County Council,53.276811,-6.330905,"53.276811, -6.330905",Conor Dunne,'Historys Ebbs & Flows',"Ballycullen Road, Killinniny Road, Ballycullen, Dublin",Ballycullen,2021,1. Remain as is,https://www.dublincanvas.com/dublin-canvas-artist-profiles/conor-dunne,
South Dublin County Council,53.283428,-6.391769,"53.283428, -6.391769",Dan Reece,'The Boxer',"Fortunestown Way, Whitestown, Dublin 24",Whitestown,2018,1. Remain as is,https://www.dublincanvas.com/dublin-canvas-artist-profiles/dan-reece,
South Dublin County Council,53.29964,-6.300385,"53.299640, -6.300385",Daniel Rodriguez Castro,'Marathon',"Templeville Road,Templogue, Dublin",Templeogue,2021,1. Remain as is,https://www.dublincanvas.com/dublin-canvas-artist-profiles/danielrodriguezcastro,
South Dublin County Council,53.276717,-6.330873,"53.276717, -6.330873",Debora Adachi,'Sports and the Arts for community building',"Colmcille's Way, Schollarstown, Dublin 16.",Ballyboden,2023,1. Remain as is,https://www.dublincanvas.com/dublin-canvas-artist-profiles/debora-adachi,
South Dublin County Council,53.300105,-6.283972,"53.300105, -6.283972",Ed Gar,'Fishing Season',"Rathfarnham Village, Rathfarnham, Dublin. ",Rathfarnham,2018 - 2021,1. Remain as is,https://www.dublincanvas.com/dublin-canvas-artist-profiles/ed-gar-2,
South Dublin County Council,53.296652,-6.284567,"53.296652, -6.284567",Eilis O'Neill,'Dublin Bike',"Willbrook Road, Rathfarnham, Dublin. ",Rathfarnham,2020,1. Remain as is,https://www.dublincanvas.com/dublin-canvas-artist-profiles/eilis-oneill-2,
South Dublin County Council,53.304366,-6.2834,"53.304366, -6.283400",Eilis O'Neill,Neighbourhood Watch',"Rathfarnham Road/ Dodder Road, Rathfranham, Dublin",Rathfarnham,2018,1. Remain as is,https://www.dublincanvas.com/dublin-canvas-artist-profiles/eilis-oneill,
South Dublin County Council,53.276717,-6.330873,"53.276717, -6.330873",Fiona Murphy,'Flower Power',"St Colmcille's GAA pitches, ",Tallaght,2019,1. Remain as is,https://www.dublincanvas.com/dublin-canvas-artist-profiles/fiona-murphy,
South Dublin County Council,53.276858,-6.357265,"53.276858, -6.357265",Geoff Tracey,'Paddy Drac',"Bothar Teach - Old Bawn Road, Tallaght, Dublin 24.",Tallaght,2019,1. Remain as is,https://www.dublincanvas.com/dublin-canvas-artist-profiles/geoff-tracey-2,
South Dublin County Council,53.293663,-6.394962,"53.293663, -6.394962",Geoff Tracey,'HOWYA HORSE!',"Fettercairn Youth Horse Project, Tallaght, Dublin 24.",Tallaght,2018 - 2021,1. Remain as is,https://www.dublincanvas.com/dublin-canvas-artist-profiles/geoff-tracey,
South Dublin County Council,53.280149,-6.445195,"53.280149, -6.445195",Grainne Keogh,'Come to Your Senses',"Castle Road/Mill Road, Saggart, Dublin 24",Saggart,2018 - 2021,1. Remain as is,https://www.dublincanvas.com/dublin-canvas-artist-profiles/grainne-keogh,
South Dublin County Council,53.316229,-6.316999,"53.316229, -6.316999",Helen Wallace,'Flower Patch',"Crumlin Cross, Crumlin, Dublin 12",Crumlin,2018,1. Remain as is,https://www.dublincanvas.com/dublin-canvas-artist-profiles/helen-wallace,
South Dublin County Council,53.356261,-6.451267,"53.356261, -6.451267",Hilde,'Happy Flowers',"Lucan Main St /Lexlip Road, Lucan, Dublin",Lucan,2018,1. Remain as is,https://www.dublincanvas.com/dublin-canvas-artist-profiles/hilde,
South Dublin County Council,53.314409,-6.392965,"53.314409, -6.392965",James Kennedy,'Japanese Dragon',"Fonthill Road South/ New Rd, Clondalkin, Dublin.",Clondalkin,2018 - 2021,1. Remain as is,https://www.dublincanvas.com/dublin-canvas-artist-profiles/james-kennedy,
South Dublin County Council,53.29472,-6.369516,"53.294720, -6.369516",Jessica Hayes,'Jacobs',"Belgard Square East (Windsor Motors), Tallaght, Dublin 24.",Tallaght,2019,1. Remain as is,https://www.dublincanvas.com/dublin-canvas-artist-profiles/jessica-hayes-2,
South Dublin County Council,53.310097,-6.32562,"53.310097, -6.325620",Jessica Hayes,'Nanny's Church',"St Peters Road / Limekiln Lane, Walkinstown, Dublin†",Walkinstown,2019,1. Remain as is,https://www.dublincanvas.com/dublin-canvas-artist-profiles/jessica-hayes-3,
South Dublin County Council,53.304366,-6.2834,"53.304366, -6.283400",Jodie Baynes Smyth,'Fox',"Rathfarnham Road/ Dodder Road, Rathfarnham, Dublin.",Rathfarnham,2023,1. Remain as is,https://www.dublincanvas.com/dublin-canvas-artist-profiles/jodie-baynes-smyth,
South Dublin County Council,53.320357,-6.394689,"53.320357, -6.394689",Jody Garry,'Gra don Teanga',"Tower Road / Main Street/ Convent Road, Clondalkin, Dublin. ",Clondalkin,2018 - 2020,1. Remain as is,https://www.dublincanvas.com/dublin-canvas-artist-profiles/jody-garry,
South Dublin County Council,53.320357,-6.394689,"53.320357, -6.394689",John Tynan,'Tower Island',"Tower Road, Convent Road, Clondalkin Village, Dublin.",Clondalkin,2022,1. Remain as is,https://www.dublincanvas.com/dublin-canvas-artist-profiles/john-tynan,
South Dublin County Council,53.296253,-6.296299,"53.296253, -6.296299",Joice Palloma Gomes Magalh„es,'Hello old friend',"Butterfield Avenue, Rathfarnham, Dublin 14",Rathfarnham,2022,1. Remain as is,https://www.dublincanvas.com/dublin-canvas-artist-profiles/joice-palloma-gomes-magalhaes,
South Dublin County Council,53.282917,-6.385526,"53.282917, -6.385526",Jonathan Byrne,'Oisin & Niamh',"N81 Jobstown, Tallaght, Dublin 24.",Tallaght,2019,1. Remain as is,https://www.dublincanvas.com/dublin-canvas-artist-profiles/jonathan-byrne,
South Dublin County Council,53.326515,-6.405545,"53.326515, -6.405545",Julia Welc,'At Home Away From Home',"Dunawley Avenue, Clondalkin, Dublin.",Clondalkin,2022,1. Remain as is,https://www.dublincanvas.com/dublin-canvas-artist-profiles/julia-welc,
South Dublin County Council,53.349402,-6.45024,"53.349402, -6.450240",Juliette O'Brien,'After the Storm',"St. Patrick's Church Esker, Lucan, Dublin.",Lucan,2019,1. Remain as is,https://www.dublincanvas.com/dublin-canvas-artist-profiles/juliette-obrien-5,
South Dublin County Council,53.354551,-6.421233,"53.354551, -6.421233",KateBrennan,'Like a Duck to Water',"Newcastle Road, Finnstown, Lucan, Co. Dublin",Lucan,2022,1. Remain as is,https://www.dublincanvas.com/dublin-canvas-artist-profiles/katebrennan,
South Dublin County Council,53.346312,-6.47369,"53.346312, -6.473690",Leopoldo Ayala,'Abstracturbanisml',"Shackleton Drive, Tobermaclugg, Lucan, Dublin",Lucan,2021,1. Remain as is,https://www.dublincanvas.com/dublin-canvas-artist-profiles/leopoldo-ayala,
South Dublin County Council,53.350708,-6.449497,"53.350708, -6.449497",Leopoldo Ayala,'Follow your Heart',"Adamstown Road, Lucan, Dublin",Lucan,2022,1. Remain as is,https://www.dublincanvas.com/dublin-canvas-artist-profiles/leopoldo-ayala-4,
South Dublin County Council,53.327874,-6.396057,"53.327874, -6.396057",Linda McKernan,'Donkey Rescue',"Ninth Lock Road/ New Nangor Road, Clondalkin, Dublin.",Clondalkin,2018,1. Remain as is,https://www.dublincanvas.com/dublin-canvas-artist-profiles/linda-mckernan-2,
South Dublin County Council,53.322432,-6.409298,"53.322432, -6.409298",Linda McKernan,'Happy Dog - Happy Days',"New Nangor Road/ Bawnogue Road, Clondalkin, Dublin 22.",Clondalkin,2018,1. Remain as is,https://www.dublincanvas.com/dublin-canvas-artist-profiles/linda-mckernan,
South Dublin County Council,53.338006,-6.40824,"53.338006, -6.408240",Linda McKernan,'Jack Russell',"Ninth Lock Road/ Thomas Omar Way, Clondalkin, Dublin 12.",Clondalkin,2019 - 2021,1. Remain as is,https://www.dublincanvas.com/dublin-canvas-artist-profiles/linda-mckernan-3,
South Dublin County Council,53.304561,-6.315227,"53.304561, -6.315227",Lynne O'Callaghan,'Dedication doesn't have an off season',"Templeville/Glendown, Templeogue, Dublin",Templeogue,2018 - 2019,1. Remain as is,https://www.dublincanvas.com/dublin-canvas-artist-profiles/lynne-ocallaghan,
South Dublin County Council,53.359528,-6.425774,"53.359528, -6.425774",Magdalena Wilk,'Garden of Secrets',"Woodville, Lucan, Co Dublin",Lucan,2021,1. Remain as is,https://www.dublincanvas.com/dublin-canvas-artist-profiles/magdalena-wilk,
South Dublin County Council,53.344575,-6.45181,"53.344575, -6.451810",Maureen Kelly Fox,'The Butterfly Effect',"Newcastle Road, Finnstown, Lucan, Co. Dublin",Lucan,2018,1. Remain as is,https://www.dublincanvas.com/dublin-canvas-artist-profiles/maureen-kelly-fox,
South Dublin County Council,53.356163,-6.422444,"53.356163, -6.422444",Maureen Kelly Fox,'Herbitage',"Newcastle Road, Finnstown, Lucan, Co. Dublin",Lucan,2018,1. Remain as is,https://www.dublincanvas.com/dublin-canvas-artist-profiles/maureen-kelly-fox-2,
South Dublin County Council,53.351567,-6.449956,"53.351567, -6.449956",Maureen Kelly Fox,'Diversity',"Newcastle Road / Adamstown, Lucan, County Dublin.",Lucan,2019,1. Remain as is,https://www.dublincanvas.com/dublin-canvas-artist-profiles/maureen-kelly-fox-3,
South Dublin County Council,53.34094,-6.407782,"53.340940, -6.407782",Maureen Kelly Fox,'Community Spirit',"Newland Road/Fonthill Road North, Ronanstown, Clondalkin, Dublin. ",Clondalkin,2020,1. Remain as is,https://www.dublincanvas.com/dublin-canvas-artist-profiles/maureen-kelly-fox-5,
South Dublin County Council,53.337787,-6.407772,"53.337787, -6.407772",Maureen Kelly Fox,'Local Polleniticians',"Ninth Lock Road/ Thomas Omar Way, Clondalkin, Dublin 12.",Clondalkin,2021,1. Remain as is,https://www.dublincanvas.com/dublin-canvas-artist-profiles/maureen-kelly-fox-6,
South Dublin County Council,53.346766,-6.422935,"53.346766, -6.422935",Maureen Kelly Fox,Walk on the Wildside',"Ballyowen Lane/Castle Road, Lucan, Dublin.",Lucan,2021,1. Remain as is,https://www.dublincanvas.com/dublin-canvas-artist-profiles/maureen-kelly-fox-7,
South Dublin County Council,53.348221,-6.450783,"53.348221, -6.450783",Maureen Kelly Fox,'Add the Sprinkle',"Newcastle Road, Lucan, Dublin.",Lucan,2022,1. Remain as is,https://www.dublincanvas.com/dublin-canvas-artist-profiles/maureen-kelly-fox-0,
South Dublin County Council,53.35217,-6.463049,"53.352170, -6.463049",Maureen Kelly Fox,'Essence of Nature',"Woodview Heights/ Dodsborogh Road, Lucan",Lucan,2022,1. Remain as is,https://www.dublincanvas.com/dublin-canvas-artist-profiles/maureen-kelly-fox-b,
South Dublin County Council,53.351567,-6.449956,"53.351567, -6.449956",Maureen Kelly Fox,'Tail Blazer',"Newcastle Road / Adamstown, Lucan, County Dublin.",Lucan,2023,1. Remain as is,https://www.dublincanvas.com/dublin-canvas-artist-profiles/maureen-kelly-fox-5dfb4,
South Dublin County Council,53.314434,-6.393025,"53.314434, -6.393025",Maureen Kelly Fox,'Cattitude',"Newlands Cross/Calbeck Way, Clondalkin, Dublin 22.",Clondalkin,2023,1. Remain as is,https://www.dublincanvas.com/dublin-canvas-artist-profiles/maureen-kelly-fox-dec75,
South Dublin County Council,53.347007,-6.425053,"53.347007, -6.425053",Megan Butler,'Connections Between',"Castle Road / Ballyowen Road, Ballyowen, Dublin.",Lucan,2019,1. Remain as is,https://www.dublincanvas.com/dublin-canvas-artist-profiles/megan-butler,
South Dublin County Council,53.306081,-6.306459,"53.306081, -6.306459",Megan Wynne,'Silver Linings',"College Drive, Wainsford Road, Dublin 6",Templeogue,2020,1. Remain as is,https://www.dublincanvas.com/dublin-canvas-artist-profiles/megan-wynne,
South Dublin County Council,53.28093,-6.297432,"53.280930, -6.297432",Monika S.Kowalska,'Be Kind to Every Kind',"Edmondstown Road/Scholarstown, Ballyboden, Dublin 16.",Ballyboden,2019,1. Remain as is,https://www.dublincanvas.com/dublin-canvas-artist-profiles/monika-s-kowalska-2,
South Dublin County Council,53.309817,-6.312275,"53.309817, -6.312275",Monika S.Kowalska,'It's Ok to Be Different',"Priory Way/Whitehall Road, Kimmage, Dublin 6W",Kimnage,2018 - 2021,1. Remain as is,https://www.dublincanvas.com/dublin-canvas-artist-profiles/monika-s-kowalska,
South Dublin County Council,53.277151,-6.378862,"53.277151, -6.378862",Nikoleta Krajewska,'Hidden Tunnel',"Killinarden House Tallaght, Dublin 24",Tallaght,2022,1. Remain as is,https://www.dublincanvas.com/dublin-canvas-artist-profiles/nikoleta-krajewska,
South Dublin County Council,53.284762,-6.419117,"53.284762, -6.419117",Nishi Patel,'Star Gazing',"Scoil Aoife, Citywest, Citywest, Dublin 24.",Tallaght,2023,1. Remain as is,https://www.dublincanvas.com/dublin-canvas-artist-profiles/nishi-patel,
South Dublin County Council,53.356261,-6.451267,"53.356261, -6.451267",Olan Song,"'Duck, Duck Goose'","Lucan Main Street/Lexlip Road, Lucan, Dublin.",Lucan,2021,1. Remain as is,https://www.dublincanvas.com/dublin-canvas-artist-profiles/laura-faichney,
South Dublin County Council,53.28866,-6.369328,"53.288660, -6.369328",Oleg Brazhnyk,'Moonlight',"Belgard Square East, Tallaght, Dublin 24",Tallaght,2018,1. Remain as is,https://www.dublincanvas.com/dublin-canvas-artist-profiles/maria-fernandez,
South Dublin County Council,53.288648,-6.399419,"53.288648, -6.399419",Onyedikachi Onwusor,'Be Happy!',"Fettercairn Cresent, Jobstown, Tallaght, Dublin 24",Tallaght,2020,1. Remain as is,https://www.dublincanvas.com/dublin-canvas-artist-profiles/onyedikachi-onwusor,
South Dublin County Council,53.289448,-6.343147,"53.289448, -6.343147",Paati Matsushita,'Be-leaf in yourself',Main Road -  Castle Tymon - Entrance to Park,Tallaght,2019,1. Remain as is,https://www.dublincanvas.com/dublin-canvas-artist-profiles/paati-matsushita,
South Dublin County Council,53.289448,-6.343147,"53.289448, -6.343147",Paati Matsushita,'Quali-tea time',Main Road - Castle Tymon - Entrance to Park,Tallaght,2019,1. Remain as is,https://www.dublincanvas.com/dublin-canvas-artist-profiles/paati-matsushita-2,
South Dublin County Council,53.314409,-6.392965,"53.314409, -6.392965",Pamela Kavanagh,'Hope',"Fonthill Road South/ New Road, Clondalkin, Dublin.",Clondalkin,2021,1. Remain as is,https://www.dublincanvas.com/dublin-canvas-artist-profiles/pamela-kavanagh,
South Dublin County Council,53.320357,-6.394689,"53.320357, -6.394689",Pamela Kavanagh,'Dance Star',"Tower Road, Clondalkin, Dublin 22.",Clondalkin,2022,1. Remain as is,https://www.dublincanvas.com/dublin-canvas-artist-profiles/pamela-kavanagh-6,
South Dublin County Council,53.281795,-6.388845,"53.281795, -6.388845",Paul Gabriel Lucaci,'Earth',"N81, Cheeverstown Road, Tallaght, Dublin 24",Tallaght,2018,1. Remain as is,https://www.dublincanvas.com/dublin-canvas-artist-profiles/paul-gabriel-lucaci,
South Dublin County Council,53.346501,-6.443354,"53.346501, -6.443354",Qandeel Kafeel,'Arthur Joseph Griffith',"Esker Road/Arthur Griffith Park, Lucan, Dublin. ",Lucan,2019,1. Remain as is,https://www.dublincanvas.com/dublin-canvas-artist-profiles/qandeel-kafeel,
South Dublin County Council,53.298416,-6.295959,"53.298416, -6.295959",Roisin Ryan,'Uisce',"Dodder Road/ Fairways, Rathfarnham, Dublin 16.",Rathfarnham,2018,1. Remain as is,https://www.dublincanvas.com/dublin-canvas-artist-profiles/roisin-ryan,
South Dublin County Council,53.286369,-6.361504,"53.286369, -6.361504",Ryan Koenig,'Expressionist Mountains',"N81-Old Bawn Road, Tallaght, Dublin 24.",Tallaght,2018 - 2021,1. Remain as is,https://www.dublincanvas.com/dublin-canvas-artist-profiles/ryan-koenig,
South Dublin County Council,53.301519,-6.305281,"53.301519, -6.305281",Sarah Freeman,'Wildlife in the Suburbs',"Templeville Road,Templeogue, Dublin",Templeogue,2018 - 2021,1. Remain as is,https://www.dublincanvas.com/dublin-canvas-artist-profiles/sarah-freeman,
South Dublin County Council,53.284135,-6.42167,"53.284135, -6.421670",Sarah Joy Thompson,'Wheels',"Citywest Shopping Centre, Citywest Road, Citywest, Co. Dublin",Citywest,2020,1. Remain as is,https://www.dublincanvas.com/dublin-canvas-artist-profiles/sarah-joy-thompson,
South Dublin County Council,53.304561,-6.315227,"53.304561, -6.315227",Shauna Moggan,Le Cheile',"Templeville/Glendown, Templeogue Village, Dublin.",Templeogue,2021,1. Remain as is,https://www.dublincanvas.com/dublin-canvas-artist-profiles/shauna-moggan-2,
South Dublin County Council,53.285713,-6.286035,"53.285713, -6.286035",Shauna O Reilly,'Wayfarer',"Whitechurch Road, Sarah Curran Avenue, Rathfarnham, Dublin.",Rathfarnham,2019,1. Remain as is,https://www.dublincanvas.com/dublin-canvas-artist-profiles/shauna-o-reilly,
South Dublin County Council,53.304441,-6.333567,"53.304441, -6.333567",Shauna O Reilly,'Wildflowers',"Limekiln Road St James Road, Templeogue, Dublin",Templeogue,2020,1. Remain as is,https://www.dublincanvas.com/dublin-canvas-artist-profiles/shauna-oreilly,
South Dublin County Council,53.316229,-6.316999,"53.316229, -6.316999",Shreya Shah,'Lights will guide you home',"Crumlin Cross, Crumlin, Dublin 12",Templeogue,2023,1. Remain as is,https://www.dublincanvas.com/dublin-canvas-artist-profiles/shreya-shah,
South Dublin County Council,53.293819,-6.308835,"53.293819, -6.308835",Sinead Tyner,Frogs' Unit 1,"Ballyroan Road, Rathfarnham, Dublin",Rathfarnham,2019,1. Remain as is,https://www.dublincanvas.com/dublin-canvas-artist-profiles/sinead-tyner,
South Dublin County Council,53.293819,-6.308835,"53.293819, -6.308835",Sinead Tyner,Frogs' Unit 2,"Ballyroan Road, Rathfarnham, Dublin",Rathfarnham,2019,1. Remain as is,https://www.dublincanvas.com/dublin-canvas-artist-profiles/sinead-tyner,
South Dublin County Council,53.285524,-6.433633,"53.285524, -6.433633",Sinead Tyner,'Eager Badger',"Citywest & Saggart Community National School, Citywest, Dublin 24",Citywest,2022,1. Remain as is,https://www.dublincanvas.com/dublin-canvas-artist-profiles/sinead-tyner-9,
South Dublin County Council,53.347864,-6.390323,"53.347864, -6.390323",Stewarts Care,'Home Sweet Home',"Fonthill Road, Cold Cut Road, Clondalkin, Dublin",Clondalkin,2019,1. Remain as is,https://www.dublincanvas.com/dublin-canvas-artist-profiles/stewarts-care,
South Dublin County Council,53.323677,-6.379095,"53.323677, -6.379095",Suzanne Ua≠ Dhunaigh,Ba Cinea°lta' ,"Woodford Walk, Knockmitten, Dublin 22",Clondalkin,2020,1. Remain as is,https://www.dublincanvas.com/dublin-canvas-artist-profiles/suzanne-ui-dhunaigh,
South Dublin County Council,53.297856,-6.286102,"53.297856, -6.286102",Tania Rosas Dodder,'Fairy Forest',"Butterfield Avenue/Rathfarnham Road, Rathfarnham, Dublin 14",Rathfarnham,2022,1. Remain as is,https://www.dublincanvas.com/dublin-canvas-artist-profiles/tania-rosas-dodder,
South Dublin County Council,53.320357,-6.394689,"53.320357, -6.394689",Triona Walsh,'Flower at the Mill',"Clondalkin Village, Main Street, Convert Road Junction, Clondalkin, Dublin 22",Clondalkin,2018 - 2020,1. Remain as is,https://www.dublincanvas.com/dublin-canvas-artist-profiles/triona-walsh,
South Dublin County Council,53.298037,-6.37042,"53.298037, -6.370420",William Wall,'Floral Wall',"Belgard Road- Mayberry Road, Tallaght, Dublin 24",Tallaght,2021,1. Remain as is,https://www.dublincanvas.com/dublin-canvas-artist-profiles/william-wall,
South Dublin County Council,53.356077,-6.370479,"53.356077, -6.370479",Rachel Maher,'Leave it in the Past',"Kennelsfort Road Lower, Chapelizod bypass, Palmerstown, Dublin 22",Palmerstown,2018,1. Remain as is,https://www.dublincanvas.com/dublin-canvas-artist-profiles/rachel-maher,
South Dublin County Council,53.296253,-6.296299,"53.296253, -6.296299",Rachel Maher,'Soulsun',"Butterfild Avenue, Rathfarnham, Dublin 14",Rathfarnham,2018 - 2021,1. Remain as is,https://www.dublincanvas.com/dublin-canvas-artist-profiles/rachel-maher-2,
South Dublin County Council,53.287641,-6.327527,"53.287641, -6.327527",Shauna Heron,'Suburban Paradise',"Firhouse Road/ Knocklyn Road, Knocklyn, Dublin 16.",Knocklyn,2019,1. Remain as is,https://www.dublincanvas.com/dublin-canvas-artist-profiles/shauna-heron,
South Dublin County Council,53.298679,-6.284209,"53.298679, -6.284209",Shauna Heron,'Tea with Nanny',"Rathfarnham Castle, Rathfarnham, Dublin. ",Rathfarnham,2020,1. Remain as is,https://www.dublincanvas.com/dublin-canvas-artist-profiles/shauna-heron-2,
South Dublin County Council,53.296261,-6.309377,"53.296261, -6.309377",Shauna Heron,'Two for Joy',"Cyprus Grove, Templeogue Road, Templeogue, Dublin",Templeogue,2023,1. Remain as is,https://www.dublincanvas.com/dublin-canvas-artist-profiles/shauna-heron-11366,
South Dublin County Council,53.300105,-6.283972,"53.300105, -6.283972",Veronica Dooley,'Oongah Keogh',"Rathfarnham Village, Rathfarnham, Dublin. ",Rathfarnham,2021,1. Remain as is,https://www.dublincanvas.com/dublin-canvas-artist-profiles/veronica-dooley,
South Dublin County Council,53.353692,-6.367939,"53.353692, -6.367939",Andrew McCarthy,'Safe Home',"'The Oval' Palmerstown, Dublin 14",Palmerstown,2018,3. Repaint 2025,https://www.dublincanvas.com/dublin-canvas-artist-profiles/andrew-mccarthy,
South Dublin County Council,53.284434,-6.375438,"53.284434, -6.375438",John Hoban,'Shamrock Rovers',"Tallaght Stadium, Tallaght, Dublin 24.",Tallaght,2019,3. Repaint 2025,https://www.dublincanvas.com/dublin-canvas-artist-profiles/john-hoban-2,
South Dublin County Council,53.286506,-6.331228,"53.286506, -6.331228",Aisling Grainger,'Red Sun',Firhouse Road / Ballycullen Road,Ballycullen,2019,3. Repaint 2025,https://www.dublincanvas.com/dublin-canvas-artist-profiles/aisling-grainger,
South Dublin County Council,53.328162,-6.383764,"53.328162, -6.383764",Ashwin Chacko,'Joy',"New Nangor Road/ Woodford Walk, Clondalkin, Dublin 22.",Clondalkin,2020,3. Repaint 2025,https://www.dublincanvas.com/dublin-canvas-artist-profiles/ashwin-chacko,
South Dublin County Council,53.299258,-6.371678,"53.299258, -6.371678",Emmalene Blake,'Captain McCabe',"Belgard Road, Tallaght, Dublin 24",Tallaght,2018,3. Repaint 2025,https://www.dublincanvas.com/dublin-canvas-artist-profiles/emmalene-blake-4,
South Dublin County Council,53.32989,-6.397869,"53.329890, -6.397869",HC GORDON,'Leaping Tigers',"Ninth Lock Road Station Road, Clondalkin, Dublin 22.",Clondalkin,2019,3. Repaint 2025,https://www.dublincanvas.com/dublin-canvas-artist-profiles/hc-gordon,
South Dublin County Council,53.294762,-6.280669,"53.294762, -6.280669",Joanne Crowley,'Save the Bees',"Grange Road/Nutgrove Ave, Rathfarnham, Dublin 16.",Rathfarnham,2019,3. Repaint 2025,https://www.dublincanvas.com/dublin-canvas-artist-profiles/joanne-crowley,
South Dublin County Council,53.340163,-6.428651,"53.340163, -6.428651",Jose Martinez,Deeja Vu',"Griffeen Avenue, Balgaddy, Lucan",Lucan,2022,3. Repaint 2025,https://www.dublincanvas.com/dublin-canvas-artist-profiles/jose-martinez,
South Dublin County Council,53.299528,-6.3004,"53.299528, -6.300400",Kate Kavanagh,'Dodder Labyrinth',"Templeogue Templeville, Templeogue, Dublin 6.",Templeogue,2019,3. Repaint 2025,https://www.dublincanvas.com/dublin-canvas-artist-profiles/kate-kavanagh-2,
South Dublin County Council,53.290676,-6.31464,"53.290676, -6.314640",Maria Boyle,'Community Spirit',"Charville Manor, Fir House Road, Ballyboden, Dublin 16",Ballyboden,2018,3. Repaint 2025,https://www.dublincanvas.com/dublin-canvas-artist-profiles/maria-boyle,
South Dublin County Council,53.288159,-6.357518,"53.288159, -6.357518",Naomi Yuki,'Fairys Vacation',"Greenhills Road, Tallaght Village, Tallaght, Dublin 24",Tallaght,2018,3. Repaint 2025,https://www.dublincanvas.com/dublin-canvas-artist-profiles/naomi-yuki,
South Dublin County Council,53.296261,-6.309377,"53.296261, -6.309377",Niamh Ni Iceadha,'Irish Wildflowers',"Cyprus Grove, Templeogue Road, Templeogue, Dublin",Templeogue,2018,3. Repaint 2025,https://www.dublincanvas.com/dublin-canvas-artist-profiles/niamh-ni-iceadha,
South Dublin County Council,53.316127,-6.396217,"53.316127, -6.396217",Nicole Holbrook,'All We Have....................',"Fonthill Rd South/ Boots Road, Clondalkin, Dublin 22",Clondalkin,2019,3. Repaint 2025,https://www.dublincanvas.com/dublin-canvas-artist-profiles/nicole-holbrook,
South Dublin County Council,53.304832,-6.322217,"53.304832, -6.322217",Sinead Tyner,'Go Nuts',"Wellington Lane/Limekiln Road Templeogue, Dublin 6W",Templeogue,2020,3. Repaint 2025,https://www.dublincanvas.com/dublin-canvas-artist-profiles/sinead-tyner-3,
South Dublin County Council,53.359991,-6.438396,"53.359991, -6.438396",Triona Walsh,'School Days',"Lucan Road/ Chapel Hill, Lucan, Dublin.",Lucan,2018,3. Repaint 2025,https://www.dublincanvas.com/dublin-canvas-artist-profiles/triona-walsh-2,
,,,,,,,,,,,
,,,,,,,,,,,
,,,,,,,,,,,
,,,,,,,,,,,
,,,,,,,,,,,
,,,,,,,,,,,
,,,,,,,,,,,
,,,,,,,,,,,
,,,,,,,,,,,
,,,,,,,,,,,
,,,,,,,,,,,
,,,,,,,,,,,
,,,,,,,,,,,
,,,,,,,,,,,
